id,team_name,mascot,team_abbr,coach,city,state,country,stadium,stadium_capacity,record_attendance,enrollment,first_played,conference_id,conference,division_id,division,program_prestige,academic_prestige,facilities,color_one,color_two,color_three,is_fbs,overall_grade,offense_grade,defense_grade,special_teams_grade,players_progressed,recruits_added,stadium_id,discord_id,penalty_marks,is_active,created_at,updated_at,deleted_at,jersey_type,last_login,abbreviation,league_id,arena_id,arena,arena_capacity,goalie_grade,is_user_coached,is_club,professional_prestige,traditions,atmosphere,academics,conference_prestige,coach_rating,season_momentum
1,"Air Force",Falcons,USAF,IrishGang,"Colorado Springs",Colorado,USA,"Falcon Stadium",46692,56409,4304,1955,11,"Mountain West",0,Mountain,0,0,0,#a6a6a8,#00308f,,1,C,C,C,C,1,1,0,,1,1,"0000-00-00 00:00:00.000","2026-05-03 17:31:15.142",NULL,0,"2026-05-03 17:31:14.956",NULL,NULL,NULL,NULL,NULL,NULL,NULL,NULL,NULL,NULL,NULL,NULL,NULL,NULL,NULL
2,Akron,Zips,AKRN,AI,Akron,Ohio,USA,"InfoCision Stadium-Summa Field",30000,27881,19200,0,10,MAC,0,,0,0,0,#002147,#918b4c,,1,C,C,C,C,1,1,0,,1,1,"0000-00-00 00:00:00.000","2026-04-20 18:00:57.228",NULL,0,"2025-09-29 23:27:50.534",NULL,NULL,NULL,NULL,NULL,NULL,NULL,NULL,NULL,NULL,NULL,NULL,NULL,NULL,NULL
3,Alabama,"Crimson Tide",BAMA,thatfunk,Tuscaloosa,Alabama,USA,"Bryant-Denny Stadium",101821,65535,38500,1892,7,SEC,0,,0,0,0,#9e1b32,#FFFFFF,,1,A,A-,A+,A-,1,1,0,<@267540431670083595>,0,1,"0000-00-00 00:00:00.000","2026-05-06 12:41:15.636",NULL,0,"2026-05-06 12:41:15.519",NULL,NULL,NULL,NULL,NULL,NULL,NULL,NULL,NULL,NULL,NULL,NULL,NULL,NULL,NULL
4,"Appalachian State",Mountaineers,APST,Mightydog135,Boone,"North Carolina",USA,"Kidd Brewer Stadium",30000,35126,19100,1928,12,"Sun Belt",15,East,0,0,0,#222222,#ffcc00,,1,A-,A-,A-,B-,1,1,0,<@714184832040566800>,1,1,"0000-00-00 00:00:00.000","2026-05-05 20:45:36.173",NULL,0,"2026-05-05 20:45:36.083",NULL,NULL,NULL,NULL,NULL,NULL,NULL,NULL,NULL,NULL,NULL,NULL,NULL,NULL,NULL
5,Arizona,Wildcats,ZONA,AI,Tucson,Arizona,USA,"Arizona Stadium",56029,59920,45200,1899,5,"Big 12",0,,0,0,0,#AB0520,#0C234B,,1,C,C-,C,D+,1,1,0,,0,1,"0000-00-00 00:00:00.000","2026-04-20 18:00:57.335",NULL,0,"2025-12-10 17:54:05.813",NULL,NULL,NULL,NULL,NULL,NULL,NULL,NULL,NULL,NULL,NULL,NULL,NULL,NULL,NULL
6,"Arizona State","Sun Devils",AZST,AI,Tempe,Arizona,USA,"Sun Devil Stadium, Frank Kush Field",56232,65535,51800,1896,5,"Big 12",0,,0,0,0,#990033,#FFB310,,1,D+,D,D+,C,1,1,0,,1,1,"0000-00-00 00:00:00.000","2026-04-20 18:00:57.371",NULL,0,"2025-07-26 05:26:35.195",NULL,NULL,NULL,NULL,NULL,NULL,NULL,NULL,NULL,NULL,NULL,NULL,NULL,NULL,NULL
7,Arkansas,Razorbacks,ARK,bbigguns92,Fayetteville,Arkansas,USA,"Donald W. Reynolds Razorback Stadium, Frank Broyles Field",72000,65535,27800,1894,7,SEC,0,,0,0,0,#9D2235,#FFFFFF,,1,C-,C,D,C,1,1,0,<@1086029345904152576>,0,1,"0000-00-00 00:00:00.000","2026-04-28 13:15:31.984",NULL,0,"2026-04-28 13:15:31.853",NULL,NULL,NULL,NULL,NULL,NULL,NULL,NULL,NULL,NULL,NULL,NULL,NULL,NULL,NULL
8,"Arkansas State","Red Wolves",ARST,FrankNoGamin,Jonesboro,Arkansas,USA,"Centennial Bank Stadium",30964,31243,22000,1911,12,"Sun Belt",16,West,0,0,0,#cc092f,#000000,#FFFFFF,1,C,C+,C-,D-,1,1,0,,0,1,"0000-00-00 00:00:00.000","2026-04-30 16:18:45.242",NULL,0,"2026-04-30 16:18:44.997",NULL,NULL,NULL,NULL,NULL,NULL,NULL,NULL,NULL,NULL,NULL,NULL,NULL,NULL,NULL
9,Army,"Black Knights",ARMY,failedchompers,"West Point","New York",USA,"Blaik Field at Michie Stadium",38000,42765,4300,1890,8,American,0,,0,0,0,#000000,#d3bc8d,,1,C+,C,B-,B-,1,1,0,,1,1,"0000-00-00 00:00:00.000","2026-04-30 23:38:36.920",NULL,0,"2026-04-30 23:38:36.573",NULL,NULL,NULL,NULL,NULL,NULL,NULL,NULL,NULL,NULL,NULL,NULL,NULL,NULL,NULL
10,Auburn,Tigers,AUB,AI,Auburn,Alabama,USA,"Pat Dye Field at Jordan-Hare Stadium",87451,65535,30400,1892,7,SEC,0,,0,0,0,#0C2340,#F26522,,1,C,C,C-,C,1,1,0,,0,1,"0000-00-00 00:00:00.000","2026-04-20 18:00:57.519",NULL,0,"0000-00-00 00:00:00.000",NULL,NULL,NULL,NULL,NULL,NULL,NULL,NULL,NULL,NULL,NULL,NULL,NULL,NULL,NULL
11,"Ball State",Cardinals,BALL,npklemm,Muncie,Indiana,USA,"Scheumann Stadium",22500,23861,22500,1924,10,MAC,0,,0,0,0,#BA0C2F,#FFFFFF,,1,A,A-,A+,A-,1,1,0,<@183396307107315712>,1,1,"0000-00-00 00:00:00.000","2026-05-06 12:29:16.360",NULL,0,"2026-05-06 12:29:16.207",NULL,NULL,NULL,NULL,NULL,NULL,NULL,NULL,NULL,NULL,NULL,NULL,NULL,NULL,NULL
12,Baylor,Bears,BAYL,Vivid,Waco,Texas,USA,"McLane Stadium",45140,49875,17200,1899,5,"Big 12",0,,0,0,0,#fecb00,#003015,,1,C+,C,B-,C,1,1,0,<@413018867468599297>,0,1,"0000-00-00 00:00:00.000","2026-05-04 16:45:48.529",NULL,0,"2026-05-04 16:45:48.422",NULL,NULL,NULL,NULL,NULL,NULL,NULL,NULL,NULL,NULL,NULL,NULL,NULL,NULL,NULL
13,"Boise State",Broncos,BOIS,cubansdoitbest,Boise,Idaho,USA,"Albertsons Stadium",36387,36864,25500,1933,6,Pac-12,0,,0,0,0,#09347A,#F1632A,,1,D+,C,D,D,1,1,0,<@1213600182545940553>,0,1,"0000-00-00 00:00:00.000","2026-05-06 04:45:44.733",NULL,0,"2026-05-06 04:45:44.617",NULL,NULL,NULL,NULL,NULL,NULL,NULL,NULL,NULL,NULL,NULL,NULL,NULL,NULL,NULL
14,"Boston College",Eagles,BC,Fireballer34,"Chestnut Hill",Massachusetts,USA,"Alumni Stadium",44500,44500,14700,1893,3,ACC,0,,0,0,0,#910039,#B38F59,,1,B+,B+,B,B,1,1,0,<@1388666260979585116>,2,1,"0000-00-00 00:00:00.000","2026-05-06 11:05:28.960",NULL,0,"2026-05-06 11:05:28.788",NULL,NULL,NULL,NULL,NULL,NULL,NULL,NULL,NULL,NULL,NULL,NULL,NULL,NULL,NULL
15,"Bowling Green",Falcons,BGSU,PoopyRhinoPickle,"Bowling Green",Ohio,USA,"Doyt L. Perry Stadium",24000,33527,23000,1919,10,MAC,0,,0,0,0,#4F2C1D,#FE5000,,1,A+,A+,A+,A-,1,1,0,<@408137883984199691>,0,1,"0000-00-00 00:00:00.000","2026-05-05 12:52:31.260",NULL,0,"2026-05-05 12:52:31.025",NULL,NULL,NULL,NULL,NULL,NULL,NULL,NULL,NULL,NULL,NULL,NULL,NULL,NULL,NULL
16,Buffalo,Bulls,BUFF,AI,Buffalo,"New York",USA,"UB Stadium",29013,29795,31500,1894,10,MAC,0,,0,0,0,#FFFFFF,#005bbb,,1,C-,C,D,D,1,1,0,,0,1,"0000-00-00 00:00:00.000","2026-04-20 18:00:57.739",NULL,0,"0000-00-00 00:00:00.000",NULL,NULL,NULL,NULL,NULL,NULL,NULL,NULL,NULL,NULL,NULL,NULL,NULL,NULL,NULL
17,BYU,Cougars,BYU,Spoof,Provo,Utah,USA,"LaVell Edwards Stadium",63470,65535,33600,1922,5,"Big 12",0,,0,0,0,#002255,#FFFFFF,,1,A,A+,A-,B+,1,1,0,,1,1,"0000-00-00 00:00:00.000","2026-05-06 07:39:20.344",NULL,0,"2026-05-06 07:39:20.281",NULL,NULL,NULL,NULL,NULL,NULL,NULL,NULL,NULL,NULL,NULL,NULL,NULL,NULL,NULL
18,California,"Golden Bears",CAL,believer,Berkeley,California,USA,"California Memorial Stadium",62717,65535,42500,1882,3,ACC,0,,0,0,0,#041E42,#FFC72C,,1,C,C,C,C+,1,1,0,<@267537915003928576>,0,1,"0000-00-00 00:00:00.000","2026-05-05 23:53:30.317",NULL,0,"2026-05-05 23:53:30.213",NULL,NULL,NULL,NULL,NULL,NULL,NULL,NULL,NULL,NULL,NULL,NULL,NULL,NULL,NULL
19,"Central Michigan",Chippewas,CMU,AI,"Mount Pleasant",Michigan,USA,"Kelly/Shorts Stadium",30255,35127,21700,1896,10,MAC,0,,0,0,0,#ffc82e,#6a0032,,1,C-,C,D,D+,1,1,0,,0,1,"0000-00-00 00:00:00.000","2026-04-20 18:00:57.849",NULL,0,"2026-04-11 03:27:20.414",NULL,NULL,NULL,NULL,NULL,NULL,NULL,NULL,NULL,NULL,NULL,NULL,NULL,NULL,NULL
20,Charlotte,49ers,CHAR,AI,Charlotte,"North Carolina",USA,"McColl-Richardson Field at Jerry Richardson Stadium",15314,17444,29700,2013,8,American,0,East,0,0,0,#046a38,#FFFFFF,,1,C,C,C,B-,1,1,0,,1,1,"0000-00-00 00:00:00.000","2026-04-20 18:00:57.885",NULL,0,"0000-00-00 00:00:00.000",NULL,NULL,NULL,NULL,NULL,NULL,NULL,NULL,NULL,NULL,NULL,NULL,NULL,NULL,NULL
21,Cincinnati,Bearcats,CINC,AI,Cincinnati,Ohio,USA,"Nippert Stadium",40000,40124,46000,1885,5,"Big 12",0,,0,0,0,#E00122,#000000,,1,C,C,C,C,1,1,0,,2,1,"0000-00-00 00:00:00.000","2026-04-20 18:00:57.921",NULL,0,"0000-00-00 00:00:00.000",NULL,NULL,NULL,NULL,NULL,NULL,NULL,NULL,NULL,NULL,NULL,NULL,NULL,NULL,NULL
22,Clemson,Tigers,CLEM,AI,Clemson,"South Carolina",USA,"Frank Howard Field at Clemson Memorial Stadium",81500,65535,25000,1896,3,ACC,0,,0,0,0,#522D80,#F56600,,1,C,C,C,B,1,1,0,,0,1,"0000-00-00 00:00:00.000","2026-04-20 18:00:57.961",NULL,0,"2026-03-25 13:18:20.594",NULL,NULL,NULL,NULL,NULL,NULL,NULL,NULL,NULL,NULL,NULL,NULL,NULL,NULL,NULL
23,"Coastal Carolina",Chanticleers,CCU,Iied,Conway,"South Carolina",USA,"Brooks Stadium",20000,15991,10600,2003,12,"Sun Belt",15,East,0,0,0,#000000,#CFB87C,#A2A4A3,1,C+,B-,C,B,1,1,0,<@200111154482249728>,0,1,"0000-00-00 00:00:00.000","2026-05-06 13:56:55.663",NULL,0,"2026-05-06 13:56:55.389",NULL,NULL,NULL,NULL,NULL,NULL,NULL,NULL,NULL,NULL,NULL,NULL,NULL,NULL,NULL
24,Colorado,Buffaloes,COLO,Bingo415,Boulder,Colorado,USA,"Folsom Field",50183,54972,33200,1890,5,"Big 12",0,,0,0,0,#000000,#CFB87C,#A2A4A3,1,A-,A-,A-,A,1,1,0,<@274190160365879297>,0,1,"0000-00-00 00:00:00.000","2026-05-05 20:49:36.325",NULL,0,"2026-05-05 20:49:36.147",NULL,NULL,NULL,NULL,NULL,NULL,NULL,NULL,NULL,NULL,NULL,NULL,NULL,NULL,NULL
25,"Colorado State",Rams,CSU,Bellwood,"Fort Collins",Colorado,USA,"Sonny Lubick Field at Canvas Stadium",41200,41000,33800,1890,6,Pac-12,0,,0,0,0,#1E4D2B,#C8C372,,1,A-,A-,B+,A-,1,1,0,<@339796149022097409>,2,1,"0000-00-00 00:00:00.000","2026-05-06 00:45:14.618",NULL,0,"2026-05-06 00:45:14.504",NULL,NULL,NULL,NULL,NULL,NULL,NULL,NULL,NULL,NULL,NULL,NULL,NULL,NULL,NULL
26,Duke,"Blue Devils",DUKE,Viselli,Durham,"North Carolina",USA,"Brooks Field at Wallace Wade Stadium",40000,57500,15900,1888,3,ACC,0,,0,0,0,#001A57,#FFFFFF,,1,C,C,C-,C,1,1,0,,1,1,"0000-00-00 00:00:00.000","2026-05-06 14:05:29.053",NULL,0,"2026-05-06 14:05:28.928",NULL,NULL,NULL,NULL,NULL,NULL,NULL,NULL,NULL,NULL,NULL,NULL,NULL,NULL,NULL
27,"East Carolina",Pirates,ECU,SeanH,Greenville,"North Carolina",USA,"Bagwell Field at Dowdy-Ficklen Stadium",50000,51082,29100,1932,8,American,0,,0,0,0,#592A8A,#FDC82F,,1,C,C+,C,A-,1,1,0,,0,1,"0000-00-00 00:00:00.000","2026-04-20 18:00:58.143",NULL,0,"2026-03-10 01:27:43.689",NULL,NULL,NULL,NULL,NULL,NULL,NULL,NULL,NULL,NULL,NULL,NULL,NULL,NULL,NULL
28,"Eastern Michigan",Eagles,EMU,fjames92,Ypsilanti,Michigan,USA,"Rynearson Stadium",30200,26188,20300,1891,10,MAC,0,,0,0,0,#006633,#FFFFFF,,1,D+,C-,D,C,1,1,0,,0,1,"0000-00-00 00:00:00.000","2026-04-20 18:00:58.180",NULL,0,"0000-00-00 00:00:00.000",NULL,NULL,NULL,NULL,NULL,NULL,NULL,NULL,NULL,NULL,NULL,NULL,NULL,NULL,NULL
29,FIU,Panthers,FIU,AI,Miami,Florida,USA,"Riccardo Silva Stadium",23500,22682,56800,2002,9,C-USA,0,,0,0,0,#081E3F,#B6862C,,1,D+,D+,D+,C,1,1,0,,0,1,"0000-00-00 00:00:00.000","2026-04-20 18:00:58.228",NULL,0,"0000-00-00 00:00:00.000",NULL,NULL,NULL,NULL,NULL,NULL,NULL,NULL,NULL,NULL,NULL,NULL,NULL,NULL,NULL
30,Florida,Gators,FLA,Weeze,Gainesville,Florida,USA,"Steve Spurrier-Florida Field at Ben Hill Griffin Stadium",88548,65535,56100,1906,7,SEC,0,,0,0,0,#0021a5,#FA4616,,1,B,B,A-,C,1,1,0,<@373546175363809284>,0,1,"0000-00-00 00:00:00.000","2026-05-06 00:09:07.277",NULL,0,"2026-05-06 00:09:06.765",NULL,NULL,NULL,NULL,NULL,NULL,NULL,NULL,NULL,NULL,NULL,NULL,NULL,NULL,NULL
31,"Florida Atlantic",Owls,FAU,Haschdei,"Boca Raton",Florida,USA,"FAU Stadium",30000,29103,30800,2001,8,American,0,East,0,0,0,#003366,#CC0000,,1,D+,D+,D,C,1,1,0,,1,1,"0000-00-00 00:00:00.000","2026-04-20 18:00:58.318",NULL,0,"2026-04-18 18:02:45.746",NULL,NULL,NULL,NULL,NULL,NULL,NULL,NULL,NULL,NULL,NULL,NULL,NULL,NULL,NULL
32,"Florida State",Seminoles,FSU,LyonsinLex,Tallahassee,Florida,USA,"Bobby Bowden Field at Doak S. Campbell Stadium",79560,65535,41900,1947,3,ACC,0,,0,0,0,#782F40,#CEB888,,1,B,B,B,B,1,1,0,,0,1,"0000-00-00 00:00:00.000","2026-05-06 11:19:51.200",NULL,0,"2026-05-06 11:19:51.160",NULL,NULL,NULL,NULL,NULL,NULL,NULL,NULL,NULL,NULL,NULL,NULL,NULL,NULL,NULL
33,"Fresno State",Bulldogs,FRES,chaserck,Fresno,California,USA,"Bulldog Stadium at Jim Sweeney Field",41031,42881,25000,1921,6,Pac-12,0,,0,0,0,#C41230,#002C76,,1,C-,C-,C-,C,1,1,0,,1,1,"0000-00-00 00:00:00.000","2026-05-03 20:25:48.237",NULL,0,"2026-05-03 20:25:48.072",NULL,NULL,NULL,NULL,NULL,NULL,NULL,NULL,NULL,NULL,NULL,NULL,NULL,NULL,NULL
34,Georgia,Bulldogs,UGA,Sarge,Athens,Georgia,USA,"Sanford Stadium",92746,65535,38200,1892,7,SEC,0,,0,0,0,#DA291C,#000000,,1,A-,A-,A-,B-,1,1,0,<@248312577677983744>,1,1,"0000-00-00 00:00:00.000","2026-05-05 04:31:30.624",NULL,0,"2026-05-05 04:31:30.530",NULL,NULL,NULL,NULL,NULL,NULL,NULL,NULL,NULL,NULL,NULL,NULL,NULL,NULL,NULL
35,"Georgia Southern",Eagles,GASO,Pookers,Statesboro,Georgia,USA,"Allen E. Paulson Stadium",25000,25735,26400,1924,12,"Sun Belt",15,East,0,0,0,#011e41,#FFFFFF,,1,D,C-,D-,C,1,1,0,,0,1,"0000-00-00 00:00:00.000","2026-04-20 18:00:58.478",NULL,0,"0000-00-00 00:00:00.000",NULL,NULL,NULL,NULL,NULL,NULL,NULL,NULL,NULL,NULL,NULL,NULL,NULL,NULL,NULL
36,"Georgia State",Panthers,GAST,RiRi,Atlanta,Georgia,USA,"Georgia State Stadium",25000,24333,52800,2010,12,"Sun Belt",15,East,0,0,0,#0039A6,#FFFFFF,,1,B-,B-,B-,C+,1,1,0,<@546556994795077673>,0,1,"0000-00-00 00:00:00.000","2026-05-06 13:05:23.517",NULL,0,"2026-05-06 13:05:23.447",NULL,NULL,NULL,NULL,NULL,NULL,NULL,NULL,NULL,NULL,NULL,NULL,NULL,NULL,NULL
37,"Georgia Tech","Yellow Jackets",GT,ATonOfLaw,Atlanta,Georgia,USA,"Bobby Dodd Stadium at Historic Grant Field",55000,60316,32700,1892,3,ACC,0,,0,0,0,#C59353,#FFFFFF,,1,B+,A-,B+,A-,1,1,0,<@750492519971946536>,0,1,"0000-00-00 00:00:00.000","2026-05-04 05:50:07.963",NULL,0,"2026-05-04 05:50:07.791",NULL,NULL,NULL,NULL,NULL,NULL,NULL,NULL,NULL,NULL,NULL,NULL,NULL,NULL,NULL
38,Hawaii,"Rainbow Warriors",HAWI,AI,Honolulu,Hawai'i,USA,"Aloha Stadium",50000,50000,17700,1909,11,"Mountain West",0,Best,0,0,0,#024731,#FFFFFF,#000000,1,D+,C-,D,D+,1,1,0,,0,1,"0000-00-00 00:00:00.000","2026-04-20 18:00:58.598",NULL,0,"0000-00-00 00:00:00.000",NULL,NULL,NULL,NULL,NULL,NULL,NULL,NULL,NULL,NULL,NULL,NULL,NULL,NULL,NULL
39,Houston,Cougars,UHOU,mahrowkeen,Houston,Texas,USA,"John O'Quinn Field at TDECU Stadium",40000,42159,42700,1946,5,"Big 12",0,,0,0,0,#C92839,#FFFFFF,,1,A,A+,A,A-,1,1,0,,0,1,"0000-00-00 00:00:00.000","2026-05-06 03:02:14.455",NULL,0,"2026-05-06 03:02:14.288",NULL,NULL,NULL,NULL,NULL,NULL,NULL,NULL,NULL,NULL,NULL,NULL,NULL,NULL,NULL
40,Illinois,"Fighting Illini",ILLI,nemolee.exe,"Urbana Champaign",Illinois,USA,"Memorial Stadium",60670,65535,51200,1890,4,"Big Ten",0,,0,0,0,#e04e39,#13294b,,1,A,A,A,A,1,1,0,<@201184790458793991>,0,1,"0000-00-00 00:00:00.000","2026-05-06 04:53:05.280",NULL,0,"2026-05-06 04:53:05.197",NULL,NULL,NULL,NULL,NULL,NULL,NULL,NULL,NULL,NULL,NULL,NULL,NULL,NULL,NULL
41,Indiana,Hoosiers,IND,AI,Bloomington,Indiana,USA,"Memorial Stadium",52959,56223,43700,1887,4,"Big Ten",0,,0,0,0,#EEEDEB,#990000,,1,B,C+,A-,B+,1,1,0,,0,1,"0000-00-00 00:00:00.000","2026-04-20 18:00:58.729",NULL,0,"2026-03-30 14:16:32.445",NULL,NULL,NULL,NULL,NULL,NULL,NULL,NULL,NULL,NULL,NULL,NULL,NULL,NULL,NULL
42,Iowa,Hawkeyes,IOWA,Angus,"Iowa City",Iowa,USA,"Kinnick Stadium",70585,65535,33000,1889,4,"Big Ten",0,,0,0,0,#000000,#FFE100,,1,D,D+,D-,C+,1,1,0,,1,1,"0000-00-00 00:00:00.000","2026-05-06 11:59:43.873",NULL,0,"2026-05-06 11:59:43.798",NULL,NULL,NULL,NULL,NULL,NULL,NULL,NULL,NULL,NULL,NULL,NULL,NULL,NULL,NULL
43,"Iowa State",Cyclones,IAST,bananabreadbitch,Ames,Iowa,USA,"Jack Trice Stadium",61500,61500,33400,1892,5,"Big 12",0,,0,0,0,#a6192e,#FDC82F,,1,D,D,D+,F,1,1,0,,1,1,"0000-00-00 00:00:00.000","2026-04-20 18:00:58.809",NULL,0,"2026-04-16 03:06:39.621",NULL,NULL,NULL,NULL,NULL,NULL,NULL,NULL,NULL,NULL,NULL,NULL,NULL,NULL,NULL
44,Kansas,Jayhawks,KANS,bundy,Lawrence,Kansas,USA,"David Booth Kansas Memorial Stadium",50071,52530,27700,1890,5,"Big 12",0,,0,0,0,#0051BA,#E8000D,,1,A-,A,A-,A-,1,1,0,<@255505163148591114>,0,1,"0000-00-00 00:00:00.000","2026-05-05 20:33:42.610",NULL,0,"2026-05-05 20:33:42.441",NULL,NULL,NULL,NULL,NULL,NULL,NULL,NULL,NULL,NULL,NULL,NULL,NULL,NULL,NULL
45,"Kansas State",Wildcats,KSST,Image_f3quet,Manhattan,Kansas,USA,"Bill Snyder Family Football Stadium",50000,53811,21700,1896,5,"Big 12",0,,0,0,0,#512888,#FFFFFF,,1,D+,C,D,F,1,1,0,,0,1,"0000-00-00 00:00:00.000","2026-04-30 03:40:35.108",NULL,0,"0000-00-00 00:00:00.000",NULL,NULL,NULL,NULL,NULL,NULL,NULL,NULL,NULL,NULL,NULL,NULL,NULL,NULL,NULL
46,"Kent State","Golden Flashes",KENT,Groobs03,Kent,Ohio,USA,"Dix Stadium",25000,27363,39300,1920,10,MAC,0,,0,0,0,#002664,#EAAB00,,1,C,C,C,C,1,1,0,,0,1,"0000-00-00 00:00:00.000","2026-04-20 18:00:58.940",NULL,0,"0000-00-00 00:00:00.000",NULL,NULL,NULL,NULL,NULL,NULL,NULL,NULL,NULL,NULL,NULL,NULL,NULL,NULL,NULL
47,Kentucky,Wildcats,UKEN,Ezaco,Lexington,Kentucky,USA,"Kroger Field at C.M. Newton Grounds",61000,65535,29200,1881,7,SEC,0,,0,0,0,#0033A0,#FFFFFF,,1,C,C,D+,C-,1,1,0,<@232929647325741056>,1,1,"0000-00-00 00:00:00.000","2026-05-06 12:09:48.349",NULL,0,"2026-05-06 12:09:48.177",NULL,NULL,NULL,NULL,NULL,NULL,NULL,NULL,NULL,NULL,NULL,NULL,NULL,NULL,NULL
48,Liberty,Flames,LU,TCM12,Lynchburg,Virginia,USA,"Arthur L. Williams Stadium",25000,22551,15000,1973,9,C-USA,0,,0,0,0,#002D62,#C41230,,1,C-,D,C,D+,1,1,0,,1,1,"0000-00-00 00:00:00.000","2026-04-20 18:00:59.021",NULL,0,"2026-04-16 15:17:45.625",NULL,NULL,NULL,NULL,NULL,NULL,NULL,NULL,NULL,NULL,NULL,NULL,NULL,NULL,NULL
49,Louisiana,"Ragin' Cajuns",ULL,AI,Lafayette,Louisiana,USA,"Cajun Field",41426,41357,19200,1902,12,"Sun Belt",16,West,0,0,0,#ce181e,#FFFFFF,,1,C,C-,C,C,1,1,0,,0,1,"0000-00-00 00:00:00.000","2026-04-20 18:00:59.058",NULL,0,"2025-08-09 13:04:50.795",NULL,NULL,NULL,NULL,NULL,NULL,NULL,NULL,NULL,NULL,NULL,NULL,NULL,NULL,NULL
50,"Louisiana Monroe",Warhawks,ULM,HAFFnHAFF,Monroe,Louisiana,USA,"Joe Aillet Stadium",28562,28714,8800,1951,12,"Sun Belt",16,West,0,0,0,#800029,#bd955a,,1,C-,D,D+,B-,1,1,0,,0,1,"0000-00-00 00:00:00.000","2026-05-01 18:16:22.280",NULL,0,"2026-05-01 18:16:22.203",NULL,NULL,NULL,NULL,NULL,NULL,NULL,NULL,NULL,NULL,NULL,NULL,NULL,NULL,NULL
51,"Louisiana Tech",Bulldogs,LT,Swipet,Ruston,Louisiana,USA,"JPS Field at Malone Stadium",30427,31175,12400,1901,12,"Sun Belt",16,,0,0,0,#003087,#CB333B,,1,C,C,C,D,1,1,0,<@259820256090914816>,0,1,"0000-00-00 00:00:00.000","2026-04-20 18:00:59.131",NULL,0,"0000-00-00 00:00:00.000",NULL,NULL,NULL,NULL,NULL,NULL,NULL,NULL,NULL,NULL,NULL,NULL,NULL,NULL,NULL
52,Louisville,Cardinals,LOU,AI,Louisville,Kentucky,USA,"Cardinal Stadium",61000,55632,22600,1910,3,ACC,0,,0,0,0,#AD0000,#000000,,1,C-,C-,C-,F,1,1,0,,2,1,"0000-00-00 00:00:00.000","2026-04-20 18:00:59.169",NULL,0,"2025-07-28 07:38:29.278",NULL,NULL,NULL,NULL,NULL,NULL,NULL,NULL,NULL,NULL,NULL,NULL,NULL,NULL,NULL
53,LSU,Tigers,LSU,alderreinwald@gmail.com,"Baton Rouge",Louisiana,USA,"Tiger Stadium",102321,65535,30800,1893,7,SEC,0,,0,0,0,#582c83,#ffc72c,,1,C,C,C,D,1,1,0,,2,1,"0000-00-00 00:00:00.000","2026-04-20 18:00:59.208",NULL,0,"2025-07-26 04:55:43.837",NULL,NULL,NULL,NULL,NULL,NULL,NULL,NULL,NULL,NULL,NULL,NULL,NULL,NULL,NULL
54,Marshall,"Thundering Herd",MRSH,Newkbomb,Huntington,"West Virginia",USA,"Joan C. Edwards Stadium",38019,41382,13200,1895,12,"Sun Belt",15,East,0,0,0,#006140,#FFFFFF,,1,B+,A-,B+,A-,1,1,0,<@959669041553879060>,0,1,"0000-00-00 00:00:00.000","2026-05-05 20:46:50.182",NULL,0,"2026-05-05 20:46:50.037",NULL,NULL,NULL,NULL,NULL,NULL,NULL,NULL,NULL,NULL,NULL,NULL,NULL,NULL,NULL
55,Maryland,Terrapins,UMD,tommygunner,"College Park",Maryland,USA,"Capital One Field at Maryland Stadium",51802,58973,41200,1888,4,"Big Ten",0,,0,0,0,#c8102e,#FFFFFF,#000000,1,B+,A-,B+,B+,1,1,0,<@485860762238189579>,1,1,"0000-00-00 00:00:00.000","2026-05-06 02:56:13.000",NULL,0,"2026-05-06 02:56:12.698",NULL,NULL,NULL,NULL,NULL,NULL,NULL,NULL,NULL,NULL,NULL,NULL,NULL,NULL,NULL
56,Memphis,Tigers,MEMP,AI,Memphis,Tennessee,USA,"Liberty Bowl Memorial Stadium",62380,65535,21500,1912,8,American,0,,0,0,0,#0D3182,#888C8F,,1,C,C,C+,D-,1,1,0,,0,1,"0000-00-00 00:00:00.000","2026-04-20 18:00:59.318",NULL,0,"0000-00-00 00:00:00.000",NULL,NULL,NULL,NULL,NULL,NULL,NULL,NULL,NULL,NULL,NULL,NULL,NULL,NULL,NULL
57,"Miami (FL)",Hurricanes,MIAF,Dearden,"Coral Gables",Florida,USA,"Hard Rock Stadium",65326,65535,17300,1926,3,ACC,0,,0,0,0,#005030,#f47321,,1,C,D,B-,B,1,1,0,,1,1,"0000-00-00 00:00:00.000","2026-04-20 18:00:59.355",NULL,0,"2026-04-08 21:21:29.284",NULL,NULL,NULL,NULL,NULL,NULL,NULL,NULL,NULL,NULL,NULL,NULL,NULL,NULL,NULL
58,"Miami (OH)",RedHawks,MIAO,AI,Oxford,Ohio,USA,"Fred C. Yager Stadium",24286,30087,24300,1888,10,MAC,0,,0,0,0,#B61E2E,#FFFFFF,,1,C,C,C,C-,1,1,0,,0,1,"0000-00-00 00:00:00.000","2026-04-20 18:00:59.391",NULL,0,"0000-00-00 00:00:00.000",NULL,NULL,NULL,NULL,NULL,NULL,NULL,NULL,NULL,NULL,NULL,NULL,NULL,NULL,NULL
59,Michigan,Wolverines,MICH,subsequent,"Ann Arbor",Michigan,USA,"Michigan Stadium",107601,65535,46000,1879,4,"Big Ten",0,,0,0,0,#ffcb05,#00274c,,1,C,C,C,C-,1,1,0,<@189543659912298497>,1,1,"0000-00-00 00:00:00.000","2026-05-06 13:19:58.921",NULL,0,"2026-05-06 13:19:58.881",NULL,NULL,NULL,NULL,NULL,NULL,NULL,NULL,NULL,NULL,NULL,NULL,NULL,NULL,NULL
60,"Michigan State",Spartans,MIST,jedibob5,"East Lansing",Michigan,USA,"Spartan Stadium",75005,65535,50300,1885,4,"Big Ten",0,,0,0,0,#18453B,#FFFFFF,,1,B,B+,B,B,1,1,0,<@97161779242627072>,0,1,"0000-00-00 00:00:00.000","2026-05-05 23:49:18.413",NULL,0,"2026-05-05 23:49:18.180",NULL,NULL,NULL,NULL,NULL,NULL,NULL,NULL,NULL,NULL,NULL,NULL,NULL,NULL,NULL
61,"Middle Tennessee","Blue Raiders",MTSU,AI,Murfreesboro,Tennessee,USA,"Johnny Red Floyd Stadium",31000,30502,21900,1911,9,C-USA,0,,0,0,0,#0066CC,#FFFFFF,,1,D,D,D-,C,1,1,0,,0,1,"0000-00-00 00:00:00.000","2026-04-20 18:00:59.547",NULL,0,"0000-00-00 00:00:00.000",NULL,NULL,NULL,NULL,NULL,NULL,NULL,NULL,NULL,NULL,NULL,NULL,NULL,NULL,NULL
62,Minnesota,"Golden Gophers",MINN,Minnow,Minneapolis,Minnesota,USA,"TCF Bank Stadium",50805,54147,47800,1882,4,"Big Ten",0,,0,0,0,#7a0019,#ffcc33,,1,A-,A,A-,A-,1,1,0,,1,1,"0000-00-00 00:00:00.000","2026-05-06 01:18:48.160",NULL,0,"2026-05-06 01:18:47.455",NULL,NULL,NULL,NULL,NULL,NULL,NULL,NULL,NULL,NULL,NULL,NULL,NULL,NULL,NULL
63,"Mississippi State",Bulldogs,MSST,AI,Starkville,Mississippi,USA,"Davis Wade Stadium at Scott Field",61337,62945,22200,1895,7,SEC,0,,0,0,0,#660000,#FFFFFF,,1,B-,B-,B-,B,1,1,0,,0,1,"0000-00-00 00:00:00.000","2026-04-23 21:45:57.651",NULL,0,"2026-04-23 21:18:54.808",NULL,NULL,NULL,NULL,NULL,NULL,NULL,NULL,NULL,NULL,NULL,NULL,NULL,NULL,NULL
64,Missouri,Tigers,MIZZ,AI,Columbia,Missouri,USA,"Faurot Field at Memorial Stadium",71168,65535,30000,1890,7,SEC,0,,0,0,0,#000000,#F1B82D,,1,C,C-,C,C,1,1,0,,0,1,"0000-00-00 00:00:00.000","2026-04-20 18:00:59.665",NULL,0,"2026-02-24 15:48:13.359",NULL,NULL,NULL,NULL,NULL,NULL,NULL,NULL,NULL,NULL,NULL,NULL,NULL,NULL,NULL
65,Navy,Midshipmen,NAVY,Syndakyt,Annapolis,Maryland,USA,"Navy-Marine Corps Memorial Stadium",34000,37970,4600,1879,8,American,0,,0,0,0,#00205b,#c5b783,,1,A,A,A,B+,1,1,0,<@264660416930512896>,0,1,"0000-00-00 00:00:00.000","2026-05-02 02:04:51.553",NULL,0,"2026-05-02 02:04:51.487",NULL,NULL,NULL,NULL,NULL,NULL,NULL,NULL,NULL,NULL,NULL,NULL,NULL,NULL,NULL
66,"NC State",Wolfpack,NCST,Matty460,Raleigh,"North Carolina",USA,"Wayne Day Family Field at Carter-Finley Stadium",57583,57583,35500,1892,3,ACC,0,,0,0,0,#CC0000,#FFFFFF,,1,B,B+,B,B-,1,1,0,<@329591013364465664>,1,1,"0000-00-00 00:00:00.000","2026-05-06 13:23:33.029",NULL,0,"2026-05-06 13:23:32.827",NULL,NULL,NULL,NULL,NULL,NULL,NULL,NULL,NULL,NULL,NULL,NULL,NULL,NULL,NULL
67,Nebraska,Cornhuskers,NEB,alexfall862,Lincoln,Nebraska,USA,"Memorial Stadium, Tom Osborne Field",85458,65535,25800,1890,4,"Big Ten",0,,0,0,0,#e41c38,#fdf2d9,,1,A-,A-,A-,A-,1,1,0,,0,1,"0000-00-00 00:00:00.000","2026-05-06 13:40:34.927",NULL,0,"2026-05-06 13:40:34.644",NULL,NULL,NULL,NULL,NULL,NULL,NULL,NULL,NULL,NULL,NULL,NULL,NULL,NULL,NULL
68,Nevada,"Wolf Pack",NEV,AI,Reno,Nevada,USA,"Mackay Stadium",26000,33391,21600,1896,11,"Mountain West",0,Best,0,0,0,#003366,#807f84,,1,C,C,C,C,1,1,0,,3,1,"0000-00-00 00:00:00.000","2026-04-20 18:00:59.809",NULL,0,"0000-00-00 00:00:00.000",NULL,NULL,NULL,NULL,NULL,NULL,NULL,NULL,NULL,NULL,NULL,NULL,NULL,NULL,NULL
69,"New Mexico",Lobos,UNM,DarthJarJar,Albuquerque,"New Mexico",USA,"Dreamstyle Stadium",39224,44760,26300,1892,11,"Mountain West",0,Mountain,0,0,0,#B71234,#C3C8C8,,1,C,C,C,C,1,1,0,<@412617956762058762>,0,1,"0000-00-00 00:00:00.000","2026-05-06 06:04:47.938",NULL,0,"2026-05-06 06:04:47.825",NULL,NULL,NULL,NULL,NULL,NULL,NULL,NULL,NULL,NULL,NULL,NULL,NULL,NULL,NULL
70,"New Mexico State",Aggies,NMSU,Rabbit,"Las Cruces","New Mexico",USA,"Aggie Memorial Stadium",30343,32993,21900,1893,9,C-USA,0,,0,0,0,#8c0b42,#FFFFFF,,1,C,C,D,B,1,1,0,<@960254290335768596>,3,1,"0000-00-00 00:00:00.000","2026-04-20 18:00:59.883",NULL,0,"2026-03-26 21:26:55.196",NULL,NULL,NULL,NULL,NULL,NULL,NULL,NULL,NULL,NULL,NULL,NULL,NULL,NULL,NULL
71,"North Carolina","Tar Heels",UNC,Tryggr,"Chapel Hill","North Carolina",USA,"Kenan Memorial Stadium",51000,62000,29800,1888,3,ACC,0,,0,0,0,#7BAFD4,#FFFFFF,,1,A-,A,A,B-,1,1,0,<@490628797566287874>,0,1,"0000-00-00 00:00:00.000","2026-05-06 04:02:15.795",NULL,0,"2026-05-06 04:02:14.781",NULL,NULL,NULL,NULL,NULL,NULL,NULL,NULL,NULL,NULL,NULL,NULL,NULL,NULL,NULL
72,"North Texas","Mean Green",UNT,EmeraldSeasSunshine,Denton,Texas,USA,"Apogee Stadium",30850,28075,39400,1913,8,American,0,West,0,0,0,#00853E,#FFFFFF,,1,C,C,C,D,1,1,0,<@1072231722210574367>,0,1,"0000-00-00 00:00:00.000","2026-05-05 04:00:21.895",NULL,0,"2026-05-05 04:00:21.814",NULL,NULL,NULL,NULL,NULL,NULL,NULL,NULL,NULL,NULL,NULL,NULL,NULL,NULL,NULL
73,"Northern Illinois",Huskies,NIU,Ape,DeKalb,Illinois,USA,"Brigham Field at Huskie Stadium",23595,28221,20000,1899,11,"Mountain West",0,,0,0,0,#ba0c2f,#000000,,1,B+,A-,B+,B+,1,1,0,<@183014755819192321>,1,1,"0000-00-00 00:00:00.000","2026-05-02 01:14:58.215",NULL,0,"2026-05-02 01:14:58.103",NULL,NULL,NULL,NULL,NULL,NULL,NULL,NULL,NULL,NULL,NULL,NULL,NULL,NULL,NULL
74,Northwestern,Wildcats,NW,AI,Evanston,Illinois,USA,"Ryan Field",47130,55752,21200,1876,4,"Big Ten",0,,0,0,0,#4E2A84,#FFFFFF,,1,D,D,D,D+,1,1,0,,0,1,"0000-00-00 00:00:00.000","2026-04-20 18:01:00.051",NULL,0,"0000-00-00 00:00:00.000",NULL,NULL,NULL,NULL,NULL,NULL,NULL,NULL,NULL,NULL,NULL,NULL,NULL,NULL,NULL
75,"Notre Dame","Fighting Irish",ND,LordLittlebutt,"South Bend",Indiana,USA,"Notre Dame Stadium",77622,65535,12300,1887,13,Independent,0,,0,0,0,#0C2340,#C99700,,1,A-,A,A-,B+,1,1,0,<@339001227062935553>,0,1,"0000-00-00 00:00:00.000","2026-05-06 13:25:19.557",NULL,0,"2026-05-06 13:25:19.313",NULL,NULL,NULL,NULL,NULL,NULL,NULL,NULL,NULL,NULL,NULL,NULL,NULL,NULL,NULL
76,Ohio,Bobcats,OHIO,"Traith Kreios",Athens,Ohio,USA,"Peden Stadium",24000,25893,34900,1894,10,MAC,0,,0,0,0,#00694E,#FFFFFF,,1,C,C,C,C+,1,1,0,<@311215081902047234>,0,1,"0000-00-00 00:00:00.000","2026-04-20 18:01:00.141",NULL,0,"2025-11-12 02:16:52.336",NULL,NULL,NULL,NULL,NULL,NULL,NULL,NULL,NULL,NULL,NULL,NULL,NULL,NULL,NULL
77,"Ohio State",Buckeyes,OHST,Piercewise1,Columbus,Ohio,USA,"Ohio Stadium",104944,65535,68100,1889,4,"Big Ten",0,,0,0,0,#bb0000,#666666,,1,B,B,B+,B-,1,1,0,,1,1,"0000-00-00 00:00:00.000","2026-05-06 12:45:51.707",NULL,0,"2026-05-06 12:45:51.628",NULL,NULL,NULL,NULL,NULL,NULL,NULL,NULL,NULL,NULL,NULL,NULL,NULL,NULL,NULL
78,Oklahoma,Sooners,OKLA,Amhaja,Norman,Oklahoma,USA,"Gaylord Family - Oklahoma Memorial Stadium at Owen Field",86112,65535,28500,1895,7,SEC,0,,0,0,0,#841617,#FDF9D8,,1,B,B+,B,B,1,1,0,<@697155660088999997>,0,1,"0000-00-00 00:00:00.000","2026-05-04 17:23:01.127",NULL,0,"2026-05-04 17:23:01.029",NULL,NULL,NULL,NULL,NULL,NULL,NULL,NULL,NULL,NULL,NULL,NULL,NULL,NULL,NULL
79,"Oklahoma State",Cowboys,OKST,ohyeahtt,Stillwater,Oklahoma,USA,"Boone Pickens Stadium",60218,60218,25300,1901,5,"Big 12",0,,0,0,0,#FF7300,#000000,,1,A-,A-,B+,B,1,1,0,,1,1,"0000-00-00 00:00:00.000","2026-05-02 08:42:35.764",NULL,0,"2026-05-02 08:42:35.666",NULL,NULL,NULL,NULL,NULL,NULL,NULL,NULL,NULL,NULL,NULL,NULL,NULL,NULL,NULL
80,"Old Dominion",Monarchs,ODU,AI,Norfolk,Virginia,USA,"Foreman Field at S. B. Ballard Stadium",20118,20118,25000,2009,12,"Sun Belt",15,East,0,0,0,#05344C,#7c878e,#92c1e9,1,D+,C,D,C-,1,1,0,,0,1,"0000-00-00 00:00:00.000","2026-04-20 18:01:00.295",NULL,0,"0000-00-00 00:00:00.000",NULL,NULL,NULL,NULL,NULL,NULL,NULL,NULL,NULL,NULL,NULL,NULL,NULL,NULL,NULL
81,"Ole Miss",Rebels,MISS,SlapYourBasil,Oxford,Mississippi,USA,"Vaught-Hemingway Stadium at Hollingsworth Field",64038,65535,23200,1890,7,SEC,0,,0,0,0,#00205b,#c8102e,,1,A,A,A,A,1,1,0,,1,1,"0000-00-00 00:00:00.000","2026-04-21 17:12:22.091",NULL,0,"2026-04-21 17:12:22.020",NULL,NULL,NULL,NULL,NULL,NULL,NULL,NULL,NULL,NULL,NULL,NULL,NULL,NULL,NULL
82,Oregon,Ducks,OREG,Dida28,Eugene,Oregon,USA,"Autzen Stadium",54000,60055,22700,1894,4,"Big Ten",0,,0,0,0,#FEE123,#154733,,1,C,C,C,C,1,1,0,,0,1,"0000-00-00 00:00:00.000","2026-05-05 21:34:31.089",NULL,0,"2026-05-05 21:34:30.894",NULL,NULL,NULL,NULL,NULL,NULL,NULL,NULL,NULL,NULL,NULL,NULL,NULL,NULL,NULL
83,"Oregon State",Beavers,ORST,AI,Corvallis,Oregon,USA,"Reser Stadium",45674,46469,30900,1893,6,Pac-12,0,,0,0,0,#C34500,#000000,,1,C,C,C,C,1,1,0,,1,1,"0000-00-00 00:00:00.000","2026-04-20 18:01:00.418",NULL,0,"0000-00-00 00:00:00.000",NULL,NULL,NULL,NULL,NULL,NULL,NULL,NULL,NULL,NULL,NULL,NULL,NULL,NULL,NULL
84,"Penn State","Nittany Lions",PNST,Rocketcan,"University Park",Pennsylvania,USA,"Beaver Stadium",106572,65535,46600,1881,4,"Big Ten",0,,0,0,0,#041e42,#FFFFFF,,1,C-,D+,C-,C+,1,1,0,<@211521230266695680>,1,1,"0000-00-00 00:00:00.000","2026-04-28 06:03:54.958",NULL,0,"2026-04-28 06:03:54.727",NULL,NULL,NULL,NULL,NULL,NULL,NULL,NULL,NULL,NULL,NULL,NULL,NULL,NULL,NULL
85,Pittsburgh,Panthers,PITT,TheLiberator,Pittsburgh,Pennsylvania,USA,"Heinz Field",68400,65535,28600,1890,3,ACC,0,,0,0,0,#1c2957,#cdb87d,,1,C,C,C,B-,1,1,0,,2,1,"0000-00-00 00:00:00.000","2026-05-06 12:04:32.176",NULL,0,"2026-05-06 12:04:31.706",NULL,NULL,NULL,NULL,NULL,NULL,NULL,NULL,NULL,NULL,NULL,NULL,NULL,NULL,NULL
86,Purdue,Boilermakers,PURD,AI,"West Lafayette",Indiana,USA,"Ross-Ade Stadium",57236,65535,43400,1887,4,"Big Ten",0,,0,0,0,#000000,#CEB888,,1,B,A-,B-,A,1,1,0,,1,1,"0000-00-00 00:00:00.000","2026-04-22 21:06:57.607",NULL,0,"2026-03-25 07:02:29.490",NULL,NULL,NULL,NULL,NULL,NULL,NULL,NULL,NULL,NULL,NULL,NULL,NULL,NULL,NULL
87,Rice,Owls,RICE,bardloff,Houston,Texas,USA,"Rice Stadium",47000,65535,7100,1912,8,American,0,West,0,0,0,#002469,#5e6062,,1,B,B,B,B,1,1,0,,0,1,"0000-00-00 00:00:00.000","2026-05-04 17:34:47.580",NULL,0,"2026-05-04 17:34:47.393",NULL,NULL,NULL,NULL,NULL,NULL,NULL,NULL,NULL,NULL,NULL,NULL,NULL,NULL,NULL
88,Rutgers,"Scarlet Knights",RUTG,Kirby,Piscataway,"New Jersey",USA,"High Point Solutions Stadium",52454,53737,70900,1869,4,"Big Ten",0,,0,0,0,#d21034,#FFFFFF,,1,B,B,A-,C,1,1,0,,1,1,"0000-00-00 00:00:00.000","2026-05-04 10:15:37.593",NULL,0,"2026-05-04 10:15:37.395",NULL,NULL,NULL,NULL,NULL,NULL,NULL,NULL,NULL,NULL,NULL,NULL,NULL,NULL,NULL
89,"San Diego State",Aztecs,SDSU,Jumbo,"San Diego",California,USA,"Snapdragon Stadium",35000,34046,34900,1921,6,Pac-12,0,,0,0,0,#C41230,#000000,,1,C,C-,C-,B,1,1,0,<@276508819067109386>,0,1,"0000-00-00 00:00:00.000","2026-04-30 01:17:39.739",NULL,0,"2026-04-30 01:17:39.451",NULL,NULL,NULL,NULL,NULL,NULL,NULL,NULL,NULL,NULL,NULL,NULL,NULL,NULL,NULL
90,"San Jose State",Spartans,SJSU,Chandler1,"San Jose",California,USA,"CEFCU Stadium",30456,31681,32800,1892,11,"Mountain West",0,Best,0,0,0,#0055A2,#FFFFFF,#E5A823,1,C+,B-,B-,D+,1,1,0,<@171374943341248512>,0,1,"0000-00-00 00:00:00.000","2026-04-29 17:31:57.087",NULL,0,"2026-04-29 17:31:56.485",NULL,NULL,NULL,NULL,NULL,NULL,NULL,NULL,NULL,NULL,NULL,NULL,NULL,NULL,NULL
91,SMU,Mustangs,SMU,AI,"University Park",Texas,USA,"Gerald J. Ford Stadium",32000,35481,11800,1915,3,ACC,0,,0,0,0,#354ca1,cd2027,,1,C-,D+,C,C,1,1,0,,0,1,"0000-00-00 00:00:00.000","2026-04-20 18:01:00.712",NULL,0,"2026-01-26 15:15:14.116",NULL,NULL,NULL,NULL,NULL,NULL,NULL,NULL,NULL,NULL,NULL,NULL,NULL,NULL,NULL
92,"South Alabama",Jaguars,USA,jgreene816,Mobile,Alabama,USA,"Ladd-Peebles Stadium",40000,38129,15100,2009,12,"Sun Belt",16,West,0,0,0,#00205B,#FFFFFF,#BF0D3E,1,C,B-,C-,D,1,1,0,,1,1,"0000-00-00 00:00:00.000","2026-04-20 18:01:00.749",NULL,0,"2025-11-26 14:48:21.265",NULL,NULL,NULL,NULL,NULL,NULL,NULL,NULL,NULL,NULL,NULL,NULL,NULL,NULL,NULL
93,"South Carolina",Gamecocks,SOCA,Dearden,Columbia,"South Carolina",USA,"Williams-Brice Stadium",80250,65535,50100,1892,7,SEC,0,,0,0,0,#73000A,#000000,,1,B-,B-,C+,B,1,1,0,,1,1,"0000-00-00 00:00:00.000","2026-05-06 11:47:18.836",NULL,0,"2026-05-06 11:47:18.555",NULL,NULL,NULL,NULL,NULL,NULL,NULL,NULL,NULL,NULL,NULL,NULL,NULL,NULL,NULL
94,"South Florida",Bulls,USF,iToxickiddy,Tampa,Florida,USA,"Raymond James Stadium",65857,65535,50700,1997,8,American,0,,0,0,0,#006747,#CFC493,,1,C,C,C,C+,1,1,0,<@1071609080235425875>,1,1,"0000-00-00 00:00:00.000","2026-05-05 19:42:21.908",NULL,0,"2026-05-05 19:42:21.663",NULL,NULL,NULL,NULL,NULL,NULL,NULL,NULL,NULL,NULL,NULL,NULL,NULL,NULL,NULL
95,"Southern Miss","Golden Eagles",USM,TuscanSota,Hattiesburg,Mississippi,USA,"Carlisle-Faulkner Field at M.M. Roberts Stadium",36000,36641,14500,1912,12,"Sun Belt",16,West,0,0,0,#000000,#FDC737,,1,B-,B,B-,B-,1,1,0,,0,1,"0000-00-00 00:00:00.000","2026-05-06 13:29:40.132",NULL,0,"2026-05-06 13:29:39.883",NULL,NULL,NULL,NULL,NULL,NULL,NULL,NULL,NULL,NULL,NULL,NULL,NULL,NULL,NULL
96,Stanford,Cardinal,STAN,"Ricky Campbell",Stanford,California,USA,"Stanford Stadium",50424,51607,16500,1891,3,ACC,0,,0,0,0,#8C1515,#FFFFFF,,1,A,A+,A-,B+,1,1,0,<@413503799957782528>,0,1,"0000-00-00 00:00:00.000","2026-05-06 00:38:01.881",NULL,0,"2026-05-06 00:38:01.708",NULL,NULL,NULL,NULL,NULL,NULL,NULL,NULL,NULL,NULL,NULL,NULL,NULL,NULL,NULL
97,Syracuse,Orange,CUSE,taffyowner,Syracuse,"New York",USA,"Carrier Dome",49250,50564,22900,1889,3,ACC,0,,0,0,0,#D44500,#FFFFFF,,1,C,C-,C,C-,1,1,0,,1,1,"0000-00-00 00:00:00.000","2026-04-25 19:33:47.907",NULL,0,"2026-04-25 19:33:47.591",NULL,NULL,NULL,NULL,NULL,NULL,NULL,NULL,NULL,NULL,NULL,NULL,NULL,NULL,NULL
98,TCU,"Horned Frogs",TCU,DangerZoneh,"Fort Worth",Texas,USA,"Amon G. Carter Stadium",45000,50307,10400,1896,5,"Big 12",0,,0,0,0,#4d1979,#FFFFFF,,1,D,C-,D-,C,1,1,0,,0,1,"0000-00-00 00:00:00.000","2026-04-20 18:01:00.971",NULL,0,"0000-00-00 00:00:00.000",NULL,NULL,NULL,NULL,NULL,NULL,NULL,NULL,NULL,NULL,NULL,NULL,NULL,NULL,NULL
99,Temple,Owls,TEMP,SandyToez,Philadelphia,Pennsylvania,USA,"Lincoln Financial Field",68532,65535,40000,1894,8,American,0,,0,0,0,#990033,#FFFFFF,,1,B+,A-,B,B-,1,1,0,<@236518428435808256>,1,1,"0000-00-00 00:00:00.000","2026-04-20 18:01:01.009",NULL,0,"2026-04-18 15:03:14.028",NULL,NULL,NULL,NULL,NULL,NULL,NULL,NULL,NULL,NULL,NULL,NULL,NULL,NULL,NULL
100,Tennessee,Volunteers,TENN,tsweezy,Knoxville,Tennessee,USA,"Neyland Stadium",102455,65535,28900,1891,7,SEC,0,,0,0,0,#FF8200,#FFFFFF,,1,A+,A+,A+,A+,1,1,0,<@451922899646021643>,0,1,"0000-00-00 00:00:00.000","2026-05-06 03:30:42.849",NULL,0,"2026-05-06 03:30:42.707",NULL,NULL,NULL,NULL,NULL,NULL,NULL,NULL,NULL,NULL,NULL,NULL,NULL,NULL,NULL
101,Texas,Longhorns,TEX,Dean,Austin,Texas,USA,"Darrell K Royal-Texas Memorial Stadium",100119,65535,51800,1893,7,SEC,0,,0,0,0,#BF5700,#FFFFFF,,1,C+,C,B,C-,1,1,0,,1,1,"0000-00-00 00:00:00.000","2026-05-05 09:14:08.059",NULL,0,"2026-05-05 09:14:07.812",NULL,NULL,NULL,NULL,NULL,NULL,NULL,NULL,NULL,NULL,NULL,NULL,NULL,NULL,NULL
102,"Texas A&M",Aggies,TAMU,jaknib,"College Station",Texas,USA,"Kyle Field",102733,65535,69400,1894,7,SEC,0,,0,0,0,#500000,#FFFFFF,,1,B,B,B,B,1,1,0,<@787256171618107413>,1,1,"0000-00-00 00:00:00.000","2026-05-06 13:00:22.723",NULL,0,"2026-05-06 13:00:22.267",NULL,NULL,NULL,NULL,NULL,NULL,NULL,NULL,NULL,NULL,NULL,NULL,NULL,NULL,NULL
103,"Texas State",Bobcats,TXST,AI,"San Marcos",Texas,USA,"Jim Wacker Field at Bobcat Stadium",30000,33006,38800,1904,6,Pac-12,0,,0,0,0,#501214,#8D734A,,1,C,C,C-,C,1,1,0,,0,1,"0000-00-00 00:00:00.000","2026-04-30 15:45:33.168",NULL,0,"2026-04-23 02:13:57.747",NULL,NULL,NULL,NULL,NULL,NULL,NULL,NULL,NULL,NULL,NULL,NULL,NULL,NULL,NULL
104,"Texas Tech","Red Raiders",TTU,rcarlson77,Lubbock,Texas,USA,"Jones AT&T Stadium",60862,61836,38200,1925,5,"Big 12",0,,0,0,0,#CC0000,#000000,,1,C,C,C,B-,1,1,0,,2,1,"0000-00-00 00:00:00.000","2026-05-06 13:05:12.949",NULL,0,"2026-05-06 13:05:12.813",NULL,NULL,NULL,NULL,NULL,NULL,NULL,NULL,NULL,NULL,NULL,NULL,NULL,NULL,NULL
105,Toledo,Rockets,TLDO,ArmTheSharks,Toledo,Ohio,USA,"Glass Bowl",26248,36852,23100,1917,10,MAC,0,,0,0,0,#ffce00,#002569,,1,D+,D,C-,D,1,1,0,<@136156829158866945>,0,1,"0000-00-00 00:00:00.000","2026-04-20 18:01:01.236",NULL,0,"2026-01-06 07:37:21.028",NULL,NULL,NULL,NULL,NULL,NULL,NULL,NULL,NULL,NULL,NULL,NULL,NULL,NULL,NULL
106,Troy,Trojans,TROY,AI,Troy,Alabama,USA,"Veterans Memorial Stadium at Larry Blakeney Field",30402,29013,18100,1909,12,"Sun Belt",16,East,0,0,0,#862633,#8a8d8f,#000000,1,D-,D,F,C,1,1,0,,0,1,"0000-00-00 00:00:00.000","2026-04-20 18:01:01.273",NULL,0,"0000-00-00 00:00:00.000",NULL,NULL,NULL,NULL,NULL,NULL,NULL,NULL,NULL,NULL,NULL,NULL,NULL,NULL,NULL
107,Tulane,"Green Wave",TLNE,kgreene829,"New Orleans",Louisiana,USA,"Barry B. Benson Field at Yulman Stadium",30000,30000,14100,1893,8,American,0,,0,0,0,#005837,#0082ba,,1,A,A-,A+,A+,1,1,0,<@564457558241312796>,0,1,"0000-00-00 00:00:00.000","2026-05-05 15:41:30.081",NULL,0,"2026-05-05 15:41:29.960",NULL,NULL,NULL,NULL,NULL,NULL,NULL,NULL,NULL,NULL,NULL,NULL,NULL,NULL,NULL
108,Tulsa,"Golden Hurricane",TULS,acewulf,Tulsa,Oklahoma,USA,"Skelly Field at H. A. Chapman Stadium",30000,47350,4300,1895,8,American,0,,0,0,0,#002d72,#c5b783,#c8102e,1,A,A+,A,A,1,1,0,<@197912142135951360>,0,1,"0000-00-00 00:00:00.000","2026-05-06 12:13:18.545",NULL,0,"2026-05-06 12:13:18.374",NULL,NULL,NULL,NULL,NULL,NULL,NULL,NULL,NULL,NULL,NULL,NULL,NULL,NULL,NULL
109,UAB,Blazers,UAB,jared2001usa,Birmingham,Alabama,USA,"Legion Field Stadium",71594,45212,21900,1991,8,American,0,West,0,0,0,#CC0000,#000000,,1,D,C-,D-,C,1,1,0,<@249652864606011419>,0,1,"0000-00-00 00:00:00.000","2026-04-30 14:31:24.587",NULL,0,"2026-04-30 14:31:24.453",NULL,NULL,NULL,NULL,NULL,NULL,NULL,NULL,NULL,NULL,NULL,NULL,NULL,NULL,NULL
110,UCF,Knights,UCF,AI,Orlando,Florida,USA,"Bounce House",44206,48453,68600,1979,5,"Big 12",0,,0,0,0,#000000,#BA9B37,,1,D,D,D,C,1,1,0,,0,1,"0000-00-00 00:00:00.000","2026-04-20 18:01:01.421",NULL,0,"0000-00-00 00:00:00.000",NULL,NULL,NULL,NULL,NULL,NULL,NULL,NULL,NULL,NULL,NULL,NULL,NULL,NULL,NULL
111,UCLA,Bruins,UCLA,jmjacobs,"Los Angeles",California,USA,"Rose Bowl Stadium",90888,65535,45400,1919,4,"Big Ten",0,,0,0,0,#0072ce,#ffc72c,,1,A-,A,B+,B-,1,1,0,<@256580232230862848>,0,1,"0000-00-00 00:00:00.000","2026-05-06 13:22:52.688",NULL,0,"2026-05-06 13:22:52.589",NULL,NULL,NULL,NULL,NULL,NULL,NULL,NULL,NULL,NULL,NULL,NULL,NULL,NULL,NULL
112,UConn,Huskies,CONN,AI,Storrs,Connecticut,USA,"Pratt & Whitney Stadium at Rentschler Field",40000,42704,32200,1896,13,Independent,0,,0,0,0,#000E2F,#FFFFFF,,1,C-,C-,C-,C,1,1,0,,0,1,"0000-00-00 00:00:00.000","2026-04-20 18:01:01.494",NULL,0,"2026-01-16 17:25:07.373",NULL,NULL,NULL,NULL,NULL,NULL,NULL,NULL,NULL,NULL,NULL,NULL,NULL,NULL,NULL
113,UMass,Minutemen,MASS,AI,Amherst,Massachusetts,USA,"Warren McGuirk Alumni Stadium",17000,17000,30600,1879,10,MAC,0,,0,0,0,#881c1c,#FFFFFF,,1,D,D-,D+,D-,1,1,0,,0,1,"0000-00-00 00:00:00.000","2026-04-20 18:01:01.530",NULL,0,"0000-00-00 00:00:00.000",NULL,NULL,NULL,NULL,NULL,NULL,NULL,NULL,NULL,NULL,NULL,NULL,NULL,NULL,NULL
114,UNLV,Rebels,UNLV,Jitters,"Las Vegas",Nevada,USA,"Allegient Stadium",65000,54541,30500,1968,11,"Mountain West",0,Best,0,0,0,#B10202,#666666,,1,A,A+,A+,B+,1,1,0,,1,1,"0000-00-00 00:00:00.000","2026-05-06 06:35:58.997",NULL,0,"2026-05-06 06:35:58.835",NULL,NULL,NULL,NULL,NULL,NULL,NULL,NULL,NULL,NULL,NULL,NULL,NULL,NULL,NULL
115,USC,Trojans,USC,Dr_Novella,"Los Angeles",California,USA,"Los Angeles Memorial Coliseum",77500,65535,45700,1888,4,"Big Ten",0,,0,0,0,#990000,#FFCC00,,1,B+,B+,B,A-,1,1,0,<@462474852780081153>,1,1,"0000-00-00 00:00:00.000","2026-05-06 00:03:52.753",NULL,0,"2026-05-06 00:03:52.698",NULL,NULL,NULL,NULL,NULL,NULL,NULL,NULL,NULL,NULL,NULL,NULL,NULL,NULL,NULL
116,UTEP,Miners,UTEP,AI,"El Paso",Texas,USA,"Sun Bowl Stadium",51500,53415,25100,1914,11,"Mountain West",0,,0,0,0,#000000,#997F3D,,1,D+,C-,D,D,1,1,0,,0,1,"0000-00-00 00:00:00.000","2026-04-20 18:01:01.650",NULL,0,"0000-00-00 00:00:00.000",NULL,NULL,NULL,NULL,NULL,NULL,NULL,NULL,NULL,NULL,NULL,NULL,NULL,NULL,NULL
117,UTSA,Roadrunners,UTSA,Dakotagreer,"San Antonio",Texas,USA,Alamodome,65000,56743,30700,2011,8,American,0,West,0,0,0,#0c2340,#FFFFFF,#f15a22,1,C-,D+,C,C,1,1,0,<@698723172932911135>,3,1,"0000-00-00 00:00:00.000","2026-04-22 01:11:55.862",NULL,0,"2026-04-22 01:11:55.742",NULL,NULL,NULL,NULL,NULL,NULL,NULL,NULL,NULL,NULL,NULL,NULL,NULL,NULL,NULL
118,Utah,Utes,UTAH,SageBow,"Salt Lake City",Utah,USA,"Rice-Eccles Stadium",45807,46768,33000,1892,5,"Big 12",0,,0,0,0,#CC0000,#FFFFFF,,1,A,A,A,A-,1,1,0,<@186563319103094784>,0,1,"0000-00-00 00:00:00.000","2026-05-06 13:29:54.518",NULL,0,"2026-05-06 13:29:54.193",NULL,NULL,NULL,NULL,NULL,NULL,NULL,NULL,NULL,NULL,NULL,NULL,NULL,NULL,NULL
119,"Utah State",Aggies,UTST,Ewade,Logan,Utah,USA,"Merlin Olsen Field at Maverik Stadium",25513,33119,29400,1892,6,Pac-12,0,,0,0,0,#9D968D,#FFFFFF,#0F2439,1,C,C-,B-,C,1,1,0,<@852750683081408584>,1,1,"0000-00-00 00:00:00.000","2026-05-02 22:01:35.341",NULL,0,"2026-05-02 22:01:35.160",NULL,NULL,NULL,NULL,NULL,NULL,NULL,NULL,NULL,NULL,NULL,NULL,NULL,NULL,NULL
120,Vanderbilt,Commodores,VAND,ChizDippler,Nashville,Tennessee,USA,"Vanderbilt Stadium",40350,41448,13100,1890,7,SEC,0,,0,0,0,#000000,#997F3D,,1,C,C,C,B+,1,1,0,,0,1,"0000-00-00 00:00:00.000","2026-04-20 18:01:01.797",NULL,0,"2026-03-06 05:46:02.102",NULL,NULL,NULL,NULL,NULL,NULL,NULL,NULL,NULL,NULL,NULL,NULL,NULL,NULL,NULL
121,Virginia,Cavaliers,UVA,Wahoo,Charlottesville,Virginia,USA,"David A. Harrison III Field at Scott Stadium",61500,64947,24400,1888,3,ACC,0,,0,0,0,#fa4616,#041e42,,1,D+,D+,D+,C,1,1,0,<@417934198997909504>,1,1,"0000-00-00 00:00:00.000","2026-05-05 01:20:24.307",NULL,0,"2026-05-05 01:20:24.212",NULL,NULL,NULL,NULL,NULL,NULL,NULL,NULL,NULL,NULL,NULL,NULL,NULL,NULL,NULL
122,"Virginia Tech",Hokies,VT,DramaticBacon,Blacksburg,Virginia,USA,"Worsham Field at Lane Stadium",66233,65535,33400,1892,3,ACC,0,,0,0,0,#660000,#FF6600,,1,B,B-,B+,B+,1,1,0,,1,1,"0000-00-00 00:00:00.000","2026-05-01 13:34:57.693",NULL,0,"2026-05-01 13:34:57.628",NULL,NULL,NULL,NULL,NULL,NULL,NULL,NULL,NULL,NULL,NULL,NULL,NULL,NULL,NULL
123,"Wake Forest","Demon Deacons",WAKE,Qupax,Winston-Salem,"North Carolina",USA,"BB&T Field",31500,37623,8100,1888,3,ACC,0,,0,0,0,#000000,#9E7E38,,1,C,C,C,C,1,1,0,<@303297964183388160>,1,1,"0000-00-00 00:00:00.000","2026-04-30 18:36:43.165",NULL,0,"2026-04-30 18:36:42.979",NULL,NULL,NULL,NULL,NULL,NULL,NULL,NULL,NULL,NULL,NULL,NULL,NULL,NULL,NULL
124,Washington,Huskies,WASH,CoachCartier,Seattle,Washington,USA,"Alaska Airlines Field at Husky Stadium",70500,65535,47900,1889,4,"Big Ten",0,,0,0,0,#363c74,#e8d3a2,,1,B+,A-,B+,B+,1,1,0,<@789037297248239687>,1,1,"0000-00-00 00:00:00.000","2026-05-02 19:46:08.895",NULL,0,"2026-05-02 19:46:08.800",NULL,NULL,NULL,NULL,NULL,NULL,NULL,NULL,NULL,NULL,NULL,NULL,NULL,NULL,NULL
125,"Washington State",Cougars,WAST,chadbird,Pullman,Washington,USA,"Martin Stadium",32248,40306,30600,1893,6,Pac-12,0,,0,0,0,#981e32,#5e6a71,,1,A,A,A,A,1,1,0,<@557651507663863826>,0,1,"0000-00-00 00:00:00.000","2026-05-06 12:26:36.759",NULL,0,"2026-05-06 12:26:36.701",NULL,NULL,NULL,NULL,NULL,NULL,NULL,NULL,NULL,NULL,NULL,NULL,NULL,NULL,NULL
126,"West Virginia",Mountaineers,WVU,smackemz3,Morgantown,"West Virginia",USA,"Mountaineer Field at Milan Puskar Stadium",60000,65535,30000,1891,5,"Big 12",0,,0,0,0,#002855,#EAAA00,,1,A,A+,A,B+,1,1,0,<@277181463927980043>,0,1,"0000-00-00 00:00:00.000","2026-05-06 12:43:57.706",NULL,0,"2026-05-06 12:43:57.569",NULL,NULL,NULL,NULL,NULL,NULL,NULL,NULL,NULL,NULL,NULL,NULL,NULL,NULL,NULL
127,"Western Kentucky",Hilltoppers,WKU,AI,"Bowling Green",Kentucky,USA,"L. T. Smith Stadium at Jimmy Feix Field",22113,23252,20300,1913,9,C-USA,0,,0,0,0,#B01E24,#FFFFFF,,1,C,C,C,B-,1,1,0,,0,1,"0000-00-00 00:00:00.000","2026-04-20 18:01:02.060",NULL,0,"0000-00-00 00:00:00.000",NULL,NULL,NULL,NULL,NULL,NULL,NULL,NULL,NULL,NULL,NULL,NULL,NULL,NULL,NULL
128,"Western Michigan",Broncos,WMU,Jieret,Kalamazoo,Michigan,USA,"Waldo Stadium",30200,36361,22900,1905,10,MAC,0,,0,0,0,#6c4023,#b5a167,,1,A+,A+,A+,A-,1,1,0,<@197683852242714624>,0,1,"0000-00-00 00:00:00.000","2026-05-06 10:49:35.728",NULL,0,"2026-05-06 10:49:35.588",NULL,NULL,NULL,NULL,NULL,NULL,NULL,NULL,NULL,NULL,NULL,NULL,NULL,NULL,NULL
129,Wisconsin,Badgers,WISC,JC,Madison,Wisconsin,USA,"Camp Randall Stadium",80321,65535,44400,1889,4,"Big Ten",0,,0,0,0,#c5050c,#FFFFFF,,1,A-,A-,A-,A-,1,1,0,<@372791539019153409>,0,1,"0000-00-00 00:00:00.000","2026-05-06 11:45:50.302",NULL,0,"2026-05-06 11:45:50.204",NULL,NULL,NULL,NULL,NULL,NULL,NULL,NULL,NULL,NULL,NULL,NULL,NULL,NULL,NULL
130,Wyoming,Cowboys,WYOM,AI,Laramie,Wyoming,USA,"Jonah Field at War Memorial Stadium",29181,34745,12400,123,11,"Mountain West",0,Mountain,0,0,0,#492f24,#ffc425,,1,D,C-,F,C,1,1,0,,0,1,"0000-00-00 00:00:00.000","2026-04-20 18:01:02.175",NULL,0,"0000-00-00 00:00:00.000",NULL,NULL,NULL,NULL,NULL,NULL,NULL,NULL,NULL,NULL,NULL,NULL,NULL,NULL,NULL
131,"James Madison",Dukes,JMU,SaltyMetrics,Harrisonburg,Virginia,USA,"Bridgeforth Stadium",24877,26159,21496,2023,12,"Sun Belt",15,,0,0,0,#450084,#CBB677,,1,B+,B+,B+,A-,1,1,0,<@1091450857922510917>,0,1,"0000-00-00 00:00:00.000","2026-05-04 17:48:14.865",NULL,0,"2026-05-04 17:48:14.813",NULL,NULL,NULL,NULL,NULL,NULL,NULL,NULL,NULL,NULL,NULL,NULL,NULL,NULL,NULL
132,"Jacksonville State",Gamecocks,JST,AI,Jacksonville,Alabama,USA,"Burgess-Snow Field at JSU Stadium",24000,23692,8067,2023,9,C-USA,0,,0,0,0,#CC0000,#FFFFFF,,1,C-,C-,D+,D+,1,1,0,,0,1,"0000-00-00 00:00:00.000","2026-04-20 18:01:02.249",NULL,0,"0000-00-00 00:00:00.000",NULL,NULL,NULL,NULL,NULL,NULL,NULL,NULL,NULL,NULL,NULL,NULL,NULL,NULL,NULL
133,"Sam Houston State",Bearkats,SHSU,AI,Huntsville,Texas,USA,"Bowers Stadium",12593,16148,21679,2023,9,C-USA,0,,0,0,0,#FFFFFF,#F56423,,1,C,C,C,C,1,1,0,,0,1,"0000-00-00 00:00:00.000","2026-04-20 18:01:02.286",NULL,0,"0000-00-00 00:00:00.000",NULL,NULL,NULL,NULL,NULL,NULL,NULL,NULL,NULL,NULL,NULL,NULL,NULL,NULL,NULL
134,"Kennesaw State",Owls,KNSW,AI,Kennesaw,Georgia,USA,"Fifth Third Bank Stadium",8318,9506,41181,2023,9,C-USA,0,,0,0,0,#0B1315,#FDBB30,,1,C,C,C,C,1,1,0,,0,1,"0000-00-00 00:00:00.000","2026-04-20 18:01:02.323",NULL,0,"0000-00-00 00:00:00.000",NULL,NULL,NULL,NULL,NULL,NULL,NULL,NULL,NULL,NULL,NULL,NULL,NULL,NULL,NULL
135,"Youngstown State",Penguins,YSU,AI,Youngstown,OH,USA,"Stambaugh Stadium",20630,20630,12155,2023,14,MVFC,0,,0,0,0,#C8102E,#3D3C3C,#000000,0,D+,C,D,C,1,1,0,,0,1,"0000-00-00 00:00:00.000","2026-04-20 18:01:02.360",NULL,0,"0000-00-00 00:00:00.000",NULL,NULL,NULL,NULL,NULL,NULL,NULL,NULL,NULL,NULL,NULL,NULL,NULL,NULL,NULL
136,"Indiana State",Sycamores,INST,AI,"Terre Haute",IN,USA,"Memorial Stadium",12764,0,12144,2023,14,MVFC,0,,0,0,0,#0142BC,#FFFFFF,,0,D+,D-,C,C,1,1,0,,0,1,"0000-00-00 00:00:00.000","2026-04-20 18:01:02.396",NULL,0,"0000-00-00 00:00:00.000",NULL,NULL,NULL,NULL,NULL,NULL,NULL,NULL,NULL,NULL,NULL,NULL,NULL,NULL,NULL
137,"Illinois State",Redbirds,ILST,AI,Normal,IL,USA,"Hancock Stadium",13391,0,20635,2023,14,MVFC,0,,0,0,0,#CE1126,#F9DD16,#FFFFFF,0,D+,D,C,F,1,1,0,,0,1,"0000-00-00 00:00:00.000","2026-04-20 18:01:02.435",NULL,0,"0000-00-00 00:00:00.000",NULL,NULL,NULL,NULL,NULL,NULL,NULL,NULL,NULL,NULL,NULL,NULL,NULL,NULL,NULL
138,"Missouri State",Bears,MOST,AI,Springfield,MO,USA,"Robert W. Plaster Stadium",17500,0,23502,2023,9,C-USA,0,,0,0,0,#5E0009,#FFFFFF,#000000,1,D+,C-,D+,D+,1,1,0,,0,1,"0000-00-00 00:00:00.000","2026-04-20 18:01:02.472",NULL,0,"0000-00-00 00:00:00.000",NULL,NULL,NULL,NULL,NULL,NULL,NULL,NULL,NULL,NULL,NULL,NULL,NULL,NULL,NULL
139,"Murray State",Racers,MUR,AI,Murray,KY,USA,"Roy Stewart Stadium",16800,0,9427,2023,14,MVFC,0,,0,0,0,#ECAC00,#002144,#FFFFFF,0,C-,D,C,D+,1,1,0,,0,1,"0000-00-00 00:00:00.000","2026-04-20 18:01:02.509",NULL,0,"0000-00-00 00:00:00.000",NULL,NULL,NULL,NULL,NULL,NULL,NULL,NULL,NULL,NULL,NULL,NULL,NULL,NULL,NULL
140,"Northern Iowa",Panthers,UNI,AI,"Cedar Falls",IA,USA,UNI-Dome,16324,0,10497,2023,14,MVFC,0,,0,0,0,#4B116F,#FFCC00,,0,D+,D+,D+,D,1,1,0,,0,1,"0000-00-00 00:00:00.000","2026-04-20 18:01:02.546",NULL,0,"0000-00-00 00:00:00.000",NULL,NULL,NULL,NULL,NULL,NULL,NULL,NULL,NULL,NULL,NULL,NULL,NULL,NULL,NULL
141,"Southern Illinois",Salukis,SIU,AI,Carbondale,IL,USA,"Saluki Stadium",15000,15276,11366,2023,14,MVFC,0,,0,0,0,#FFFFFF,#720000,#000000,0,D,D-,C,F,1,1,0,,0,1,"0000-00-00 00:00:00.000","2026-04-20 18:01:02.582",NULL,0,"0000-00-00 00:00:00.000",NULL,NULL,NULL,NULL,NULL,NULL,NULL,NULL,NULL,NULL,NULL,NULL,NULL,NULL,NULL
142,"North Dakota","Fighting Hawks",UND,AI,"Grand Forks",ND,USA,"Alerus Center",12283,0,13876,2023,14,MVFC,0,,0,0,0,#009A44,#AAAEAD,#000000,0,D,D-,D,D,1,1,0,,0,1,"0000-00-00 00:00:00.000","2026-04-20 18:01:02.619",NULL,0,"0000-00-00 00:00:00.000",NULL,NULL,NULL,NULL,NULL,NULL,NULL,NULL,NULL,NULL,NULL,NULL,NULL,NULL,NULL
143,"North Dakota State",Bison,NDSU,"Devin Atwater",Fargo,ND,USA,Fargodome,19000,0,12242,2023,11,"Mountain West",0,,0,0,0,#0A5640,#FFC72A,,1,D,D,D,D+,1,1,0,,0,1,"0000-00-00 00:00:00.000","2026-04-29 22:25:50.697",NULL,0,"2026-04-29 22:25:50.539",NULL,NULL,NULL,NULL,NULL,NULL,NULL,NULL,NULL,NULL,NULL,NULL,NULL,NULL,NULL
144,"South Dakota State",Jackrabbits,SDST,AI,Brookings,SD,USA,"Dana J. Dykhouse Stadium",19340,0,11331,2023,14,MVFC,0,,0,0,0,#0033A0,#FFD100,,0,C,C,C,D,1,1,0,,0,1,"0000-00-00 00:00:00.000","2026-04-20 18:01:02.693",NULL,0,"0000-00-00 00:00:00.000",NULL,NULL,NULL,NULL,NULL,NULL,NULL,NULL,NULL,NULL,NULL,NULL,NULL,NULL,NULL
145,"South Dakota",Coyotes,SDAK,AI,Vermillion,SD,USA,DakotaDome,9100,0,9856,2023,14,MVFC,0,,0,0,0,#AD0000,#B4B4B4,#000000,0,C-,D+,C,D-,1,1,0,,0,1,"0000-00-00 00:00:00.000","2026-04-20 18:01:02.730",NULL,0,"0000-00-00 00:00:00.000",NULL,NULL,NULL,NULL,NULL,NULL,NULL,NULL,NULL,NULL,NULL,NULL,NULL,NULL,NULL
146,"Western Illinois",Leathernecks,WIU,AI,Macomb,IL,USA,"Hanson Field",16368,0,6170,2023,20,"Big South-OVC",0,,0,0,0,#663399,#FFCC00,,0,C-,D,C,D+,1,1,0,,0,1,"0000-00-00 00:00:00.000","2026-04-20 18:01:02.767",NULL,0,"0000-00-00 00:00:00.000",NULL,NULL,NULL,NULL,NULL,NULL,NULL,NULL,NULL,NULL,NULL,NULL,NULL,NULL,NULL
147,Bucknell,Bisons,BUCK,AI,Lewisburg,PA,USA,"Christy Mathewson-Memorial Stadium",13100,0,3650,2023,15,Patriot,0,,0,0,0,#E87722,#003865,#FFFFFF,0,D+,D-,C,C,1,1,0,,0,1,"0000-00-00 00:00:00.000","2026-04-20 18:01:02.806",NULL,0,"0000-00-00 00:00:00.000",NULL,NULL,NULL,NULL,NULL,NULL,NULL,NULL,NULL,NULL,NULL,NULL,NULL,NULL,NULL
148,Colgate,Raiders,COLG,AI,Hamilton,NY,USA,"Andy Kerr Stadium",10221,0,2837,2023,15,Patriot,0,,0,0,0,#821019,#E10028,#000000,0,C,C,C,C,1,1,0,,0,1,"0000-00-00 00:00:00.000","2026-04-20 18:01:02.842",NULL,0,"0000-00-00 00:00:00.000",NULL,NULL,NULL,NULL,NULL,NULL,NULL,NULL,NULL,NULL,NULL,NULL,NULL,NULL,NULL
149,"Holy Cross",Crusaders,HC,AI,Worcester,MA,USA,"Fitton Field",23500,27000,3174,2023,15,Patriot,0,,0,0,0,#602D89,#FFFFFF,#000000,0,D,D+,D,F,1,1,0,,0,1,"0000-00-00 00:00:00.000","2026-04-20 18:01:02.881",NULL,0,"0000-00-00 00:00:00.000",NULL,NULL,NULL,NULL,NULL,NULL,NULL,NULL,NULL,NULL,NULL,NULL,NULL,NULL,NULL
150,Lafayette,Leopards,LAF,AI,Easton,PA,USA,"Fisher Stadium",13132,21000,2382,2023,15,Patriot,0,,0,0,0,#A8996E,#98002E,#FFFFFF,0,D+,D,D+,D,1,1,0,,0,1,"0000-00-00 00:00:00.000","2026-04-20 18:01:02.917",NULL,0,"0000-00-00 00:00:00.000",NULL,NULL,NULL,NULL,NULL,NULL,NULL,NULL,NULL,NULL,NULL,NULL,NULL,NULL,NULL
151,Lehigh,"Mountain Hawks",LEH,AI,Bethlehem,PA,USA,"Goodman Stadium",16000,0,5047,2023,15,Patriot,0,,0,0,0,#E51937,#653600,#653600,0,C-,C,D+,D,1,1,0,,0,1,"0000-00-00 00:00:00.000","2026-04-20 18:01:03.010",NULL,0,"0000-00-00 00:00:00.000",NULL,NULL,NULL,NULL,NULL,NULL,NULL,NULL,NULL,NULL,NULL,NULL,NULL,NULL,NULL
152,Fordham,Rams,FOR,AI,Bronx,NY,USA,"Jack Coffey Field",7000,8220,8220,2023,15,Patriot,0,,0,0,0,#860038,#FFFFFF,,0,C-,C-,C,D,1,1,0,,0,1,"0000-00-00 00:00:00.000","2026-04-20 18:01:03.046",NULL,0,"0000-00-00 00:00:00.000",NULL,NULL,NULL,NULL,NULL,NULL,NULL,NULL,NULL,NULL,NULL,NULL,NULL,NULL,NULL
153,Georgetown,Hoyas,GEOT,AI,Washington,DC,USA,"Cooper Field",3750,7433,7433,2023,15,Patriot,0,,0,0,0,#041E42,#8D817B,,0,C,C,C,C,1,1,0,,0,1,"0000-00-00 00:00:00.000","2026-04-20 18:01:03.084",NULL,0,"0000-00-00 00:00:00.000",NULL,NULL,NULL,NULL,NULL,NULL,NULL,NULL,NULL,NULL,NULL,NULL,NULL,NULL,NULL
154,"UC Davis",Aggies,UCD,AI,Davis,CA,USA,"UC Davis Health Stadium",10743,0,38369,2023,16,"Big Sky",0,,0,0,0,#B3A369,#002855,,0,C,B-,C,C-,1,1,0,,0,1,"0000-00-00 00:00:00.000","2026-04-20 18:01:03.120",NULL,0,"0000-00-00 00:00:00.000",NULL,NULL,NULL,NULL,NULL,NULL,NULL,NULL,NULL,NULL,NULL,NULL,NULL,NULL,NULL
155,"Cal Poly",Mustangs,CP,AI,"San Luis Obispo",CA,USA,"Alex G. Spanos Stadium",11075,0,21812,2023,16,"Big Sky",0,,0,0,0,#003831,#FFE395,#000000,0,C,C-,C,C,1,1,0,,0,1,"0000-00-00 00:00:00.000","2026-04-20 18:01:03.156",NULL,0,"0000-00-00 00:00:00.000",NULL,NULL,NULL,NULL,NULL,NULL,NULL,NULL,NULL,NULL,NULL,NULL,NULL,NULL,NULL
156,"Eastern Washington",Eagles,EWU,"David VanHousen",Cheney,WA,USA,"Roos Field",8600,11702,12607,2023,16,"Big Sky",0,,0,0,0,#FFFFFF,#A10022,#000000,0,C,C,C-,C,1,1,0,,0,1,"0000-00-00 00:00:00.000","2026-04-20 18:01:03.195",NULL,0,"2026-02-16 14:30:19.288",NULL,NULL,NULL,NULL,NULL,NULL,NULL,NULL,NULL,NULL,NULL,NULL,NULL,NULL,NULL
157,Idaho,Vandals,IDHO,AI,Moscow,ID,USA,"Kibbie Dome",16000,19878,11814,2023,16,"Big Sky",0,,0,0,0,#B3A369,#EAAB00,#B3A369,0,B-,B-,B-,C,1,1,0,,0,1,"0000-00-00 00:00:00.000","2026-04-20 18:01:03.231",NULL,0,"2026-04-07 20:27:53.796",NULL,NULL,NULL,NULL,NULL,NULL,NULL,NULL,NULL,NULL,NULL,NULL,NULL,NULL,NULL
158,"Idaho State",Bengals,IDST,AI,Pocatello,ID,USA,"Holt Arena",12000,13895,12805,2023,16,"Big Sky",0,,0,0,0,#FF671F,#000000,,0,B,B,B+,C+,1,1,0,,0,1,"0000-00-00 00:00:00.000","2026-04-20 18:01:03.268",NULL,0,"2026-04-07 22:42:34.712",NULL,NULL,NULL,NULL,NULL,NULL,NULL,NULL,NULL,NULL,NULL,NULL,NULL,NULL,NULL
159,Montana,Grizzlies,MONT,AI,Missoula,MT,USA,"Washington-Grizzly Stadium",25217,26856,10104,2023,16,"Big Sky",0,,0,0,0,#999999,#660033,,0,C-,D+,C,C,1,1,0,,0,1,"0000-00-00 00:00:00.000","2026-04-20 18:01:03.305",NULL,0,"0000-00-00 00:00:00.000",NULL,NULL,NULL,NULL,NULL,NULL,NULL,NULL,NULL,NULL,NULL,NULL,NULL,NULL,NULL
160,"Montana State",Bobcats,MTST,AI,Bozeman,MT,USA,"Bobcat Stadium",20767,22037,16766,2023,16,"Big Sky",0,,0,0,0,#00205B,#B9975B,,0,C,C,D+,C,1,1,0,,0,1,"0000-00-00 00:00:00.000","2026-04-20 18:01:03.343",NULL,0,"0000-00-00 00:00:00.000",NULL,NULL,NULL,NULL,NULL,NULL,NULL,NULL,NULL,NULL,NULL,NULL,NULL,NULL,NULL
161,"Northern Arizona",Lumberjacks,NAU,AI,Flagstaff,AZ,USA,"Walkup Skydome",11230,0,22791,2023,16,"Big Sky",0,,0,0,0,#FFD200,#003466,,0,C,C,C-,C-,1,1,0,,0,1,"0000-00-00 00:00:00.000","2026-04-20 18:01:03.380",NULL,0,"0000-00-00 00:00:00.000",NULL,NULL,NULL,NULL,NULL,NULL,NULL,NULL,NULL,NULL,NULL,NULL,NULL,NULL,NULL
162,"Northern Colorado",Bears,UNCO,AI,Greeley,CO,USA,"Nottingham Field",8533,0,12862,2023,16,"Big Sky",0,,0,0,0,#013C65,#F6B000,,0,C,C,C,C,1,1,0,,0,1,"0000-00-00 00:00:00.000","2026-04-20 18:01:03.417",NULL,0,"0000-00-00 00:00:00.000",NULL,NULL,NULL,NULL,NULL,NULL,NULL,NULL,NULL,NULL,NULL,NULL,NULL,NULL,NULL
163,"Portland State",Vikings,PRST,AI,Portland,OR,USA,"Hillsboro Stadium",7600,10000,27285,2023,16,"Big Sky",0,,0,0,0,#373A36,#154734,#FFFFFF,0,D+,C-,D+,F,1,1,0,,0,1,"0000-00-00 00:00:00.000","2026-04-20 18:01:03.454",NULL,0,"0000-00-00 00:00:00.000",NULL,NULL,NULL,NULL,NULL,NULL,NULL,NULL,NULL,NULL,NULL,NULL,NULL,NULL,NULL
164,"Sacramento State",Hornets,SSU,AI,Sacramento,CA,USA,"Hornet Stadium",21195,23073,31181,2023,10,MAC,0,,0,0,0,#043927,#C4B581,,1,C,C,C-,C,1,1,0,,0,1,"0000-00-00 00:00:00.000","2026-04-20 18:01:03.492",NULL,0,"0000-00-00 00:00:00.000",NULL,NULL,NULL,NULL,NULL,NULL,NULL,NULL,NULL,NULL,NULL,NULL,NULL,NULL,NULL
165,"Weber State",Wildcats,WEB,AI,Ogden,UT,USA,"Stewart Stadium",17312,0,27465,2023,16,"Big Sky",0,,0,0,0,#4B2682,#A1A1A4,,0,C,C,C,C,1,1,0,,0,1,"0000-00-00 00:00:00.000","2026-04-20 18:01:03.530",NULL,0,"0000-00-00 00:00:00.000",NULL,NULL,NULL,NULL,NULL,NULL,NULL,NULL,NULL,NULL,NULL,NULL,NULL,NULL,NULL
166,Brown,Bears,BRWN,AI,Providence,RI,USA,"Brown Stadium",20000,0,7043,2023,17,"Ivy League",0,,0,0,0,#4E3629,#7C2529,#000000,0,C,C,C,C-,1,1,0,,0,1,"0000-00-00 00:00:00.000","2026-04-20 18:01:03.568",NULL,0,"0000-00-00 00:00:00.000",NULL,NULL,NULL,NULL,NULL,NULL,NULL,NULL,NULL,NULL,NULL,NULL,NULL,NULL,NULL
167,Columbia,Lions,COLU,AI,"New York",NY,USA,"Lawrence A. Wien Stadium",17000,0,6398,2023,17,"Ivy League",0,,0,0,0,#9BCBEB,#003865,#FFFFFF,0,C,C,C,C,1,1,0,,0,1,"0000-00-00 00:00:00.000","2026-04-20 18:01:03.606",NULL,0,"0000-00-00 00:00:00.000",NULL,NULL,NULL,NULL,NULL,NULL,NULL,NULL,NULL,NULL,NULL,NULL,NULL,NULL,NULL
168,Cornell,"Big Red",COR,AI,Ithaca,NY,USA,"Schoellkopf Field",21500,0,15043,2023,17,"Ivy League",0,,0,0,0,#B31B1B,#5E3920,#000000,0,D+,C-,D,B,1,1,0,,0,1,"0000-00-00 00:00:00.000","2026-04-20 18:01:03.655",NULL,0,"0000-00-00 00:00:00.000",NULL,NULL,NULL,NULL,NULL,NULL,NULL,NULL,NULL,NULL,NULL,NULL,NULL,NULL,NULL
169,Dartmouth,"Big Green",DART,AI,Hanover,NH,USA,"Memorial Field",11000,0,4495,2023,17,"Ivy League",0,,0,0,0,#046A38,#000000,#FFFFFF,0,C,C,C-,C,1,1,0,,0,1,"0000-00-00 00:00:00.000","2026-04-20 18:01:03.695",NULL,0,"0000-00-00 00:00:00.000",NULL,NULL,NULL,NULL,NULL,NULL,NULL,NULL,NULL,NULL,NULL,NULL,NULL,NULL,NULL
170,Pennsylvania,Quakers,PENN,AI,Philadelphia,PA,USA,"Franklin Field",52958,0,10019,2023,17,"Ivy League",0,,0,0,0,#990000,#011F5B,#FFFFFF,0,D,D,C-,D,1,1,0,,0,1,"0000-00-00 00:00:00.000","2026-04-20 18:01:03.741",NULL,0,"0000-00-00 00:00:00.000",NULL,NULL,NULL,NULL,NULL,NULL,NULL,NULL,NULL,NULL,NULL,NULL,NULL,NULL,NULL
171,Harvard,Crimson,HARV,AI,Cambridge,MA,USA,"Harvard Stadium",30323,0,6788,2023,17,"Ivy League",0,,0,0,0,#A41034,#000000,#B6B6B6,0,D,D-,C-,C,1,1,0,,0,1,"0000-00-00 00:00:00.000","2026-04-20 18:01:03.777",NULL,0,"0000-00-00 00:00:00.000",NULL,NULL,NULL,NULL,NULL,NULL,NULL,NULL,NULL,NULL,NULL,NULL,NULL,NULL,NULL
172,Princeton,Tigers,PRIN,AI,Princeton,NJ,USA,"Princeton Stadium",27773,27800,5428,2023,17,"Ivy League",0,,0,0,0,#FF671F,#000000,,0,C,C-,C,D+,1,1,0,,0,1,"0000-00-00 00:00:00.000","2026-04-20 18:01:03.816",NULL,0,"0000-00-00 00:00:00.000",NULL,NULL,NULL,NULL,NULL,NULL,NULL,NULL,NULL,NULL,NULL,NULL,NULL,NULL,NULL
173,Yale,Bulldogs,YALE,AI,"New Haven",CT,USA,"Yale Bowl",61446,0,6092,2023,17,"Ivy League",0,,0,0,0,#00356B,#FFFFFF,,0,C,C,C,C+,1,1,0,,0,1,"0000-00-00 00:00:00.000","2026-04-20 18:01:03.852",NULL,0,"0000-00-00 00:00:00.000",NULL,NULL,NULL,NULL,NULL,NULL,NULL,NULL,NULL,NULL,NULL,NULL,NULL,NULL,NULL
174,Furman,Paladins,FUR,AI,Greenville,SC,USA,"Paladin Stadium",16000,0,2629,2023,18,SoCon,0,,0,0,0,#201547,#582C83,#A7A8AA,0,C,C-,C,C+,1,1,0,,0,1,"0000-00-00 00:00:00.000","2026-04-20 18:01:03.889",NULL,0,"0000-00-00 00:00:00.000",NULL,NULL,NULL,NULL,NULL,NULL,NULL,NULL,NULL,NULL,NULL,NULL,NULL,NULL,NULL
175,Samford,Bulldogs,SAM,AI,Homewood,AL,USA,"Seibert Stadium",6700,11000,5729,2023,18,SoCon,0,,0,0,0,#002649,#C4161D,,0,D+,D-,C,C,1,1,0,,0,1,"0000-00-00 00:00:00.000","2026-04-20 18:01:03.926",NULL,0,"0000-00-00 00:00:00.000",NULL,NULL,NULL,NULL,NULL,NULL,NULL,NULL,NULL,NULL,NULL,NULL,NULL,NULL,NULL
176,"The Citadel",Bulldogs,CIT,AI,Charleston,SC,USA,"Johnson Hagood Stadium",22342,22342,3693,2023,18,SoCon,0,,0,0,0,#3975B7,#1F3A60,#FFFFFF,0,C,C,C,D,1,1,0,,0,1,"0000-00-00 00:00:00.000","2026-04-20 18:01:03.962",NULL,0,"0000-00-00 00:00:00.000",NULL,NULL,NULL,NULL,NULL,NULL,NULL,NULL,NULL,NULL,NULL,NULL,NULL,NULL,NULL
177,Wofford,Terriers,WOF,AI,Spartanburg,SC,USA,"Gibbs Stadium",13000,0,1773,2023,18,SoCon,0,,0,0,0,#886E4C,#FFFFFF,#C7B37F,0,C-,D,C,C,1,1,0,,0,1,"0000-00-00 00:00:00.000","2026-04-20 18:01:03.999",NULL,0,"0000-00-00 00:00:00.000",NULL,NULL,NULL,NULL,NULL,NULL,NULL,NULL,NULL,NULL,NULL,NULL,NULL,NULL,NULL
178,Chattanooga,Mocs,UTC,AI,Chattanooga,TN,USA,"Finley Stadium",20412,0,11728,2023,18,SoCon,0,,0,0,0,#00386B,#E0AA0F,#ADAFAA,0,C,C,C,C,1,1,0,,0,1,"0000-00-00 00:00:00.000","2026-04-20 18:01:04.035",NULL,0,"0000-00-00 00:00:00.000",NULL,NULL,NULL,NULL,NULL,NULL,NULL,NULL,NULL,NULL,NULL,NULL,NULL,NULL,NULL
179,"East Tennessee State",Buccaneers,ETSU,AI,"Johnson City",TN,USA,"William B. Greene Jr. Stadium",7694,10594,9151,2023,18,SoCon,0,,0,0,0,#041E42,#FFC72C,,0,D,D-,D,D,1,1,0,,0,1,"0000-00-00 00:00:00.000","2026-04-20 18:01:04.072",NULL,0,"0000-00-00 00:00:00.000",NULL,NULL,NULL,NULL,NULL,NULL,NULL,NULL,NULL,NULL,NULL,NULL,NULL,NULL,NULL
180,"Western Carolina",Catamounts,WCU,AI,Cullowhee,NC,USA,"EJ Whitmire Stadium",13742,0,12243,2023,18,SoCon,0,,0,0,0,#592C88,#C1A875,,0,C,C,D,C-,1,1,0,,0,1,"0000-00-00 00:00:00.000","2026-04-20 18:01:04.113",NULL,0,"0000-00-00 00:00:00.000",NULL,NULL,NULL,NULL,NULL,NULL,NULL,NULL,NULL,NULL,NULL,NULL,NULL,NULL,NULL
181,Mercer,Bears,MER,AI,Macon,GA,USA,"Five Star Stadium",10200,12712,9026,2023,18,SoCon,0,,0,0,0,#F76800,#000000,,0,C,C,C,C,1,1,0,,0,1,"0000-00-00 00:00:00.000","2026-04-20 18:01:04.149",NULL,0,"0000-00-00 00:00:00.000",NULL,NULL,NULL,NULL,NULL,NULL,NULL,NULL,NULL,NULL,NULL,NULL,NULL,NULL,NULL
182,VMI,Keydets,VMI,AI,Lexington,VA,USA,"Foster Stadium",10000,0,1772,2023,18,SoCon,0,,0,0,0,#A71F23,#FFD520,#000000,0,C,C,C-,C-,1,1,0,,0,1,"0000-00-00 00:00:00.000","2026-04-20 18:01:04.185",NULL,0,"0000-00-00 00:00:00.000",NULL,NULL,NULL,NULL,NULL,NULL,NULL,NULL,NULL,NULL,NULL,NULL,NULL,NULL,NULL
183,Grambling,Tigers,GRAM,AI,Grambling,LA,USA,"Eddie G. Robinson Memorial Stadium",19600,0,5438,2023,19,SWAC,18,West,0,0,0,#EAA921,#000000,,0,D+,D,C-,D-,1,1,0,,0,1,"0000-00-00 00:00:00.000","2026-04-20 18:01:04.226",NULL,0,"0000-00-00 00:00:00.000",NULL,NULL,NULL,NULL,NULL,NULL,NULL,NULL,NULL,NULL,NULL,NULL,NULL,NULL,NULL
184,Bethune-Cookman,Wildcats,BCU,AI,"Daytona Beach",FL,USA,"Daytona Stadium",15000,0,2901,2023,19,SWAC,17,East,0,0,0,#F2A900,#6F263D,#000000,0,C,C,C,C,1,1,0,,0,1,"0000-00-00 00:00:00.000","2026-04-20 18:01:04.263",NULL,0,"0000-00-00 00:00:00.000",NULL,NULL,NULL,NULL,NULL,NULL,NULL,NULL,NULL,NULL,NULL,NULL,NULL,NULL,NULL
185,"Prairie View A&M",Panthers,PV,AI,"Prairie View",TX,USA,"Blackshear Field",15000,0,9350,2023,19,SWAC,18,West,0,0,0,#330066,#FFCC33,#FFCC33,0,C,C-,C,D,1,1,0,,0,1,"0000-00-00 00:00:00.000","2026-04-20 18:01:04.300",NULL,0,"0000-00-00 00:00:00.000",NULL,NULL,NULL,NULL,NULL,NULL,NULL,NULL,NULL,NULL,NULL,NULL,NULL,NULL,NULL
186,"Alcorn State",Braves,ALCN,AI,Lorman,MS,USA,"Spinks-Casem Stadium",22500,0,3523,2023,19,SWAC,18,West,0,0,0,#CE8E00,#4B306A,,0,D+,D+,C-,C,1,1,0,,0,1,"0000-00-00 00:00:00.000","2026-04-20 18:01:04.337",NULL,0,"0000-00-00 00:00:00.000",NULL,NULL,NULL,NULL,NULL,NULL,NULL,NULL,NULL,NULL,NULL,NULL,NULL,NULL,NULL
187,Southern,Jaguars,SOU,AI,"Baton Rouge",LA,USA,"A.W. Mumford Stadium",28500,0,7140,2023,19,SWAC,18,West,0,0,0,#FFCE34,#58B6E7,#FFFFFF,0,C,C,C,C,1,1,0,,0,1,"0000-00-00 00:00:00.000","2026-04-20 18:01:04.373",NULL,0,"0000-00-00 00:00:00.000",NULL,NULL,NULL,NULL,NULL,NULL,NULL,NULL,NULL,NULL,NULL,NULL,NULL,NULL,NULL
188,"Alabama A&M",Bulldogs,AAMU,AI,Huntsville,AL,USA,"Louis Crews Stadium",21000,0,6172,2023,19,SWAC,17,East,0,0,0,#660000,#FFFFFF,,0,C,C,C,D,1,1,0,,0,1,"0000-00-00 00:00:00.000","2026-04-20 18:01:04.434",NULL,0,"0000-00-00 00:00:00.000",NULL,NULL,NULL,NULL,NULL,NULL,NULL,NULL,NULL,NULL,NULL,NULL,NULL,NULL,NULL
189,"Arkansas-Pine Bluff","Golden Lions",UAPB,AI,"Pine Bluff",AR,USA,"Simmons Bank Field",16000,0,2498,2023,19,SWAC,18,West,0,0,0,#EEB310,#E31837,#FFFFFF,0,D+,D,C,C,1,1,0,,0,1,"0000-00-00 00:00:00.000","2026-04-20 18:01:04.471",NULL,0,"0000-00-00 00:00:00.000",NULL,NULL,NULL,NULL,NULL,NULL,NULL,NULL,NULL,NULL,NULL,NULL,NULL,NULL,NULL
190,"Florida A&M",Rattlers,FAMU,AI,Tallahassee,FL,USA,"Bragg Memorial Stadium",2550,33954,9626,2023,19,SWAC,17,East,0,0,0,#EE7624,#1B5633,#231F20,0,C-,D,C,D,1,1,0,,0,1,"0000-00-00 00:00:00.000","2026-04-20 18:01:04.508",NULL,0,"0000-00-00 00:00:00.000",NULL,NULL,NULL,NULL,NULL,NULL,NULL,NULL,NULL,NULL,NULL,NULL,NULL,NULL,NULL
191,"Alabama State",Hornets,ALST,AI,Montgomery,AL,USA,"New ASU Stadium",26500,0,4190,2023,19,SWAC,17,East,0,0,0,#000000,#C99700,,0,C-,D+,C,C,1,1,0,,0,1,"0000-00-00 00:00:00.000","2026-04-20 18:01:04.547",NULL,0,"0000-00-00 00:00:00.000",NULL,NULL,NULL,NULL,NULL,NULL,NULL,NULL,NULL,NULL,NULL,NULL,NULL,NULL,NULL
192,"Texas Southern",Tigers,TXSO,AI,Houston,TX,USA,"PNC Stadium",22039,20197,7524,2023,19,SWAC,18,West,0,0,0,#7C183E,#9DA6AB,#FFFFFF,0,D+,C-,D,C-,1,1,0,,0,1,"0000-00-00 00:00:00.000","2026-04-20 18:01:04.585",NULL,0,"0000-00-00 00:00:00.000",NULL,NULL,NULL,NULL,NULL,NULL,NULL,NULL,NULL,NULL,NULL,NULL,NULL,NULL,NULL
193,"Mississippi Valley State","Delta Devils",MSVU,AI,"Itta Bena",MS,USA,"Rice-Totten Stadium",10000,0,2147,2023,19,SWAC,17,East,0,0,0,#00703C,#E51937,#000000,0,D,C-,D-,C,1,1,0,,0,1,"0000-00-00 00:00:00.000","2026-04-20 18:01:04.621",NULL,0,"0000-00-00 00:00:00.000",NULL,NULL,NULL,NULL,NULL,NULL,NULL,NULL,NULL,NULL,NULL,NULL,NULL,NULL,NULL
194,"Jackson State",Tigers,JXST,AI,Jackson,MS,USA,"Mississippi Veterans Memorial Stadium",62500,62512,7080,2023,19,SWAC,17,East,0,0,0,#002147,#008ED6,#FFFFFF,0,D+,C-,D,D,1,1,0,,0,1,"0000-00-00 00:00:00.000","2026-04-20 18:01:04.661",NULL,0,"0000-00-00 00:00:00.000",NULL,NULL,NULL,NULL,NULL,NULL,NULL,NULL,NULL,NULL,NULL,NULL,NULL,NULL,NULL
195,"Charleston Southern",Buccaneers,CHSO,AI,"Bules Creek",NC,USA,"Buccaneer Field",10000,4000,0,2027,20,"Big South-OVC",0,,0,0,0,#A8996E,#002855,#ffffff,0,C,C,C,C,1,1,220,,0,1,"2024-04-22 21:02:42.811","2026-04-20 18:01:04.705",NULL,0,"0000-00-00 00:00:00.000",NULL,NULL,NULL,NULL,NULL,NULL,NULL,NULL,NULL,NULL,NULL,NULL,NULL,NULL,NULL
196,"Eastern Illinois",Panthers,EIU,AI,Charleston,IL,USA,"O'Brien Field",10000,10000,0,2027,20,"Big South-OVC",0,,0,0,0,#919295,#004b83,#ffffff,0,C,C,C,C,1,1,221,,0,1,"2024-04-22 21:02:43.708","2026-04-20 18:01:04.742",NULL,0,"0000-00-00 00:00:00.000",NULL,NULL,NULL,NULL,NULL,NULL,NULL,NULL,NULL,NULL,NULL,NULL,NULL,NULL,NULL
197,Gardner-Webb,"Runnin' Bulldogs",WEBB,AI,"Boiling Springs",NC,USA,"Ernest W. Spangler Stadium",10000,7800,0,2027,20,"Big South-OVC",0,,0,0,0,#BF2F37,#ffffff,#ffffff,0,C,C+,C,C,1,1,222,,0,1,"2024-04-22 21:02:44.594","2026-04-20 18:01:04.781",NULL,0,"0000-00-00 00:00:00.000",NULL,NULL,NULL,NULL,NULL,NULL,NULL,NULL,NULL,NULL,NULL,NULL,NULL,NULL,NULL
198,Lindenwood,Lions,LIN,AI,"St. Charles",MO,USA,"Hunter STadium",10000,7450,0,2027,20,"Big South-OVC",0,,0,0,0,#B5A36A,#101820,#ffffff,0,C,C-,C,C,1,1,223,,0,1,"2024-04-22 21:02:45.490","2026-04-20 18:01:04.817",NULL,0,"0000-00-00 00:00:00.000",NULL,NULL,NULL,NULL,NULL,NULL,NULL,NULL,NULL,NULL,NULL,NULL,NULL,NULL,NULL
199,"Southeast Missouri State",Redhawks,SEMO,AI,"Cape Girardeau",MO,USA,"Houck Stadium",10000,11015,0,2027,20,"Big South-OVC",0,,0,0,0,#000000,#C8102E,#ffffff,0,C,C,C-,C,1,1,224,,0,1,"2024-04-22 21:02:46.367","2026-04-20 18:01:04.854",NULL,0,"0000-00-00 00:00:00.000",NULL,NULL,NULL,NULL,NULL,NULL,NULL,NULL,NULL,NULL,NULL,NULL,NULL,NULL,NULL
200,"Tennessee State",Tigers,TNST,AI,Nashville,TN,USA,"Hale Stadium",10000,10000,0,2027,20,"Big South-OVC",0,,0,0,0,#00539F,#ffffff,#ffffff,0,C,C,C,C+,1,1,225,,1,1,"2024-04-22 21:02:47.251","2026-04-20 18:01:04.893",NULL,0,"0000-00-00 00:00:00.000",NULL,NULL,NULL,NULL,NULL,NULL,NULL,NULL,NULL,NULL,NULL,NULL,NULL,NULL,NULL
201,"Tennessee Tech","Golden Eagles",TNTC,AI,Cookeville,TN,USA,"Tucker Stadium",10000,16500,0,2027,18,SoCon,0,,0,0,0,#4f2984,#FFDD00,#ffffff,0,C-,D+,C,D-,1,1,226,,0,1,"2024-04-22 21:02:48.158","2026-04-20 18:01:04.932",NULL,0,"0000-00-00 00:00:00.000",NULL,NULL,NULL,NULL,NULL,NULL,NULL,NULL,NULL,NULL,NULL,NULL,NULL,NULL,NULL
202,"UT Martin",Skyhawks,UTM,AI,Martin,TN,USA,"Graham Stadium",10000,7500,0,2027,20,"Big South-OVC",0,,0,0,0,#f79728,#002a5b,#ffffff,0,C-,C,D+,C,1,1,227,,0,1,"2024-04-22 21:02:49.060","2026-04-20 18:01:04.969",NULL,0,"0000-00-00 00:00:00.000",NULL,NULL,NULL,NULL,NULL,NULL,NULL,NULL,NULL,NULL,NULL,NULL,NULL,NULL,NULL
203,Albany,"Great Danes",ALB,GhostBlade,Albany,NY,USA,"Tom & Mary Casey Stadium",10000,8500,0,2027,21,CAA,0,,0,0,0,#461660,#eeb211,#FFFFFF,0,C-,C-,C,C-,1,1,228,,0,1,"2024-04-22 21:02:49.954","2026-04-20 18:01:05.010",NULL,0,"2026-02-12 20:59:07.207",NULL,NULL,NULL,NULL,NULL,NULL,NULL,NULL,NULL,NULL,NULL,NULL,NULL,NULL,NULL
204,Bryant,Bulldogs,BRY,AI,Smithfield,RI,USA,"Beirne Stadium",10000,5500,0,2027,21,CAA,0,,0,0,0,#b4975b,#000000,#c9bb8c,0,C,C,C,B-,1,1,229,,0,1,"2024-04-22 21:02:50.845","2026-04-20 18:01:05.048",NULL,0,"0000-00-00 00:00:00.000",NULL,NULL,NULL,NULL,NULL,NULL,NULL,NULL,NULL,NULL,NULL,NULL,NULL,NULL,NULL
205,Campbell,"Fighting Camels",CAMP,AI,"Buies Creek",NC,USA,"Barker-Lane Stadium",10000,5500,0,2027,21,CAA,0,,0,0,0,#f58025,#231f20,#ffffff,0,C-,C-,C-,D+,1,1,230,,0,1,"2024-04-22 21:02:51.721","2026-04-20 18:01:05.084",NULL,0,"0000-00-00 00:00:00.000",NULL,NULL,NULL,NULL,NULL,NULL,NULL,NULL,NULL,NULL,NULL,NULL,NULL,NULL,NULL
206,Delaware,"Fighting Blue Hens",DEL,Osu,Newark,DE,USA,"Delaware Stadium",10000,18500,0,2027,9,C-USA,0,,0,0,0,#00539f,#FFDD31,#ffffff,1,C,C,B-,D,1,1,231,<@485314920083095575>,0,1,"2024-04-22 21:02:52.610","2026-04-20 18:01:05.125",NULL,0,"2025-11-12 01:05:58.594",NULL,NULL,NULL,NULL,NULL,NULL,NULL,NULL,NULL,NULL,NULL,NULL,NULL,NULL,NULL
207,Elon,Phoenix,ELON,AI,Elon,NC,USA,"Rhodes Stadium",10000,11250,0,2027,21,CAA,0,,0,0,0,#73000a,#b59a57,#ffffff,0,D+,D,C,C-,1,1,232,,0,1,"2024-04-22 21:02:53.493","2026-04-20 18:01:05.162",NULL,0,"0000-00-00 00:00:00.000",NULL,NULL,NULL,NULL,NULL,NULL,NULL,NULL,NULL,NULL,NULL,NULL,NULL,NULL,NULL
208,Hampton,Pirates,HAMP,AI,Hampton,VA,USA,"Armstrong Stadium",10000,10000,0,2027,21,CAA,0,,0,0,0,#ffffff,#0060A9,#ffffff,0,C,C,C,C,1,1,233,,0,1,"2024-04-22 21:02:54.373","2026-04-20 18:01:05.204",NULL,0,"0000-00-00 00:00:00.000",NULL,NULL,NULL,NULL,NULL,NULL,NULL,NULL,NULL,NULL,NULL,NULL,NULL,NULL,NULL
209,Maine,Blackbears,ME,AI,Orono,ME,USA,"Harold Alfond Sports Stadium",10000,8419,0,2027,21,CAA,0,,0,0,0,#003263,#B0D7FF,#908C89,0,C,C,C,C,1,1,234,,0,1,"2024-04-22 21:02:55.268","2026-04-20 18:01:05.243",NULL,0,"0000-00-00 00:00:00.000",NULL,NULL,NULL,NULL,NULL,NULL,NULL,NULL,NULL,NULL,NULL,NULL,NULL,NULL,NULL
210,Monmouth,Hawks,MONM,AI,"West Long Branch",NJ,USA,"Kessler Field",10000,4600,0,2027,21,CAA,0,,0,0,0,#041E42,#53565A,#ffffff,0,C,C,C,C,1,1,235,,0,1,"2024-04-22 21:02:56.187","2026-04-20 18:01:05.280",NULL,0,"0000-00-00 00:00:00.000",NULL,NULL,NULL,NULL,NULL,NULL,NULL,NULL,NULL,NULL,NULL,NULL,NULL,NULL,NULL
211,"New Hampshire",Wildcats,UNH,AI,Durham,NH,USA,"Wildcat Stadium",10000,11015,0,2027,21,CAA,0,,0,0,0,#041e42,#BBBCBC,#FFFFFF,0,C,C,C,C+,1,1,236,,0,1,"2024-04-22 21:02:57.077","2026-04-20 18:01:05.317",NULL,0,"0000-00-00 00:00:00.000",NULL,NULL,NULL,NULL,NULL,NULL,NULL,NULL,NULL,NULL,NULL,NULL,NULL,NULL,NULL
212,"North Carolina A&T",Aggies,NCAT,AI,Greensboro,NC,USA,"Truist Stadium",10000,21500,0,2027,21,CAA,0,,0,0,0,#f3b237,#003d6d,#ffffff,0,C,C,D,C,1,1,237,,0,1,"2024-04-22 21:02:57.968","2026-04-20 18:01:05.354",NULL,0,"0000-00-00 00:00:00.000",NULL,NULL,NULL,NULL,NULL,NULL,NULL,NULL,NULL,NULL,NULL,NULL,NULL,NULL,NULL
213,"Rhode Island",Rams,URI,AI,Kingston,RI,USA,"Meade Stadium",10000,6580,0,2027,21,CAA,0,,0,0,0,#68abe8,#002147,#ffffff,0,C,D,C,C,1,1,238,,0,1,"2024-04-22 21:02:58.839","2026-04-20 18:01:05.391",NULL,0,"0000-00-00 00:00:00.000",NULL,NULL,NULL,NULL,NULL,NULL,NULL,NULL,NULL,NULL,NULL,NULL,NULL,NULL,NULL
214,Richmond,Spiders,RICH,AI,Richmond,VA,USA,"E. Claiborne Robins Stadium",10000,8700,0,2027,15,Patriot,0,,0,0,0,#000066,#990000,#ffffff,0,D,D+,D,C,1,1,239,,0,1,"2024-04-22 21:02:59.727","2026-04-20 18:01:05.428",NULL,0,"0000-00-00 00:00:00.000",NULL,NULL,NULL,NULL,NULL,NULL,NULL,NULL,NULL,NULL,NULL,NULL,NULL,NULL,NULL
215,"Stony Brook",Seawolves,STBK,AI,"Stony Brook",NY,USA,"Kenneth P. LaValle Stadium",10000,12300,0,2027,21,CAA,0,,0,0,0,#990000,#16243e,#828282,0,C,C,C,C-,1,1,240,,0,1,"2024-04-22 21:03:00.594","2026-04-20 18:01:05.464",NULL,0,"0000-00-00 00:00:00.000",NULL,NULL,NULL,NULL,NULL,NULL,NULL,NULL,NULL,NULL,NULL,NULL,NULL,NULL,NULL
216,Towson,Tigers,TOW,AI,Towson,MD,USA,"Johnny Unitas Stadiumn",10000,11198,0,2027,21,CAA,0,,0,0,0,#FFBB00,#3C3C3C,#ffffff,0,C,C,C,C,1,1,241,,0,1,"2024-04-22 21:03:01.479","2026-04-20 18:01:05.501",NULL,0,"0000-00-00 00:00:00.000",NULL,NULL,NULL,NULL,NULL,NULL,NULL,NULL,NULL,NULL,NULL,NULL,NULL,NULL,NULL
217,Villanova,Wildcats,VILL,AI,Philadelphia,PA,USA,"Villanova Stadium",10000,12500,0,2027,15,Patriot,0,,0,0,0,#00205b,#13b5ea,#ffffff,0,C,C,C,C,1,1,242,,0,1,"2024-04-22 21:03:02.368","2026-04-20 18:01:05.539",NULL,0,"0000-00-00 00:00:00.000",NULL,NULL,NULL,NULL,NULL,NULL,NULL,NULL,NULL,NULL,NULL,NULL,NULL,NULL,NULL
218,"William & Mary",Tribe,W&M,AI,Williamsburg,VA,USA,"Water J. Zable Stadium",10000,12259,0,2027,15,Patriot,0,,0,0,0,#115740,#F0B323,#ffffff,0,C,C,C+,D,1,1,243,,0,1,"2024-04-22 21:03:03.281","2026-04-20 18:01:05.576",NULL,0,"0000-00-00 00:00:00.000",NULL,NULL,NULL,NULL,NULL,NULL,NULL,NULL,NULL,NULL,NULL,NULL,NULL,NULL,NULL
219,Merrimack,Warriors,MRMK,AI,"North Andover",MA,USA,"Duane Stadium",10000,4000,0,2027,22,Independent,0,,0,0,0,#003768,#fdb813,#ffffff,0,C,C,C,C,1,1,244,,0,1,"2024-04-22 21:03:04.177","2026-04-20 18:01:05.614",NULL,0,"0000-00-00 00:00:00.000",NULL,NULL,NULL,NULL,NULL,NULL,NULL,NULL,NULL,NULL,NULL,NULL,NULL,NULL,NULL
220,"Sacred Heart",Pioneers,SHU,dotNectar,Fairfield,CT,USA,"Campus Field",10000,3334,0,2027,21,CAA,0,,0,0,0,#ce1141,#b1b3b6,#ffffff,0,C,C,C,C,1,1,245,,0,1,"2024-04-22 21:03:05.068","2026-05-05 18:44:53.364",NULL,0,"2026-05-05 18:44:53.290",NULL,NULL,NULL,NULL,NULL,NULL,NULL,NULL,NULL,NULL,NULL,NULL,NULL,NULL,NULL
221,"Delaware State",Hornets,DSU,AI,Dover,DE,USA,"Alumni Stadium",10000,7193,0,2027,23,MEAC,0,,0,0,0,#EE3124,#72CDF4,#ffffff,0,C-,C,C-,C-,1,1,246,,0,1,"2024-04-22 21:03:05.959","2026-04-20 18:01:05.692",NULL,0,"0000-00-00 00:00:00.000",NULL,NULL,NULL,NULL,NULL,NULL,NULL,NULL,NULL,NULL,NULL,NULL,NULL,NULL,NULL
222,Howard,Bison,HOW,AI,Washington,DC,USA,"William H. Greene Stadium",10000,10000,0,2027,23,MEAC,0,,0,0,0,#e51937,#003a63,#ffffff,0,C,C+,C,D,1,1,247,,0,1,"2024-04-22 21:03:06.848","2026-04-20 18:01:05.728",NULL,0,"0000-00-00 00:00:00.000",NULL,NULL,NULL,NULL,NULL,NULL,NULL,NULL,NULL,NULL,NULL,NULL,NULL,NULL,NULL
223,"Morgan State",Bears,MORG,AI,Baltimore,MD,USA,"Hughes Stadium",10000,10000,0,2027,23,MEAC,0,,0,0,0,#1b4383,#f47937,#ffffff,0,C,C,C,C,1,1,248,,0,1,"2024-04-22 21:03:07.734","2026-04-20 18:01:05.770",NULL,0,"0000-00-00 00:00:00.000",NULL,NULL,NULL,NULL,NULL,NULL,NULL,NULL,NULL,NULL,NULL,NULL,NULL,NULL,NULL
224,"Norfolk State",Spartans,NORF,AI,Norfolk,VA,USA,"William "Dick" Price Stadium",10000,30000,0,2027,23,MEAC,0,,0,0,0,#F3D03E,#007A53,#ffffff,0,C,C,C,C,1,1,249,,0,1,"2024-04-22 21:03:08.617","2026-04-20 18:01:05.807",NULL,0,"0000-00-00 00:00:00.000",NULL,NULL,NULL,NULL,NULL,NULL,NULL,NULL,NULL,NULL,NULL,NULL,NULL,NULL,NULL
225,"North Carolina Central",Eagles,NCCU,AI,Durham,NC,USA,"O'Kelly-Riddick Stadium",10000,10000,0,2027,23,MEAC,0,,0,0,0,#880023,#8e9093,#ffffff,0,C,C,C,C+,1,1,250,,0,1,"2024-04-22 21:03:09.489","2026-04-20 18:01:05.843",NULL,0,"0000-00-00 00:00:00.000",NULL,NULL,NULL,NULL,NULL,NULL,NULL,NULL,NULL,NULL,NULL,NULL,NULL,NULL,NULL
226,"South Carolina State",Bulldogs,SCST,AI,Orangeburg,SC,USA,"Oliver C. Dawson Stadium",10000,20000,0,2027,23,MEAC,0,,0,0,0,#001A72,#862633,#ffffff,0,C,C+,C,B-,1,1,251,,0,1,"2024-04-22 21:03:10.391","2026-04-20 18:01:05.880",NULL,0,"0000-00-00 00:00:00.000",NULL,NULL,NULL,NULL,NULL,NULL,NULL,NULL,NULL,NULL,NULL,NULL,NULL,NULL,NULL
227,"Central Connecticut","Blue Devils",CCSU,AI,"New Britain",CT,USA,"Arute Field",10000,5500,0,2027,24,NEC,0,,0,0,0,#00539b,#ffffff,#ffffff,0,C,C,C,D,1,1,252,,0,1,"2024-04-22 21:03:11.284","2026-04-20 18:01:05.916",NULL,0,"0000-00-00 00:00:00.000",NULL,NULL,NULL,NULL,NULL,NULL,NULL,NULL,NULL,NULL,NULL,NULL,NULL,NULL,NULL
228,Duquesne,Dukes,DUQ,AI,Pittsburgh,PA,USA,"Arthur J. Rooney Athletic Field",10000,2200,0,2027,24,NEC,0,,0,0,0,#041E42,#BA0C2F,#ffffff,0,D+,D,C,D+,1,1,253,,0,1,"2024-04-22 21:03:12.173","2026-04-20 18:01:05.953",NULL,0,"0000-00-00 00:00:00.000",NULL,NULL,NULL,NULL,NULL,NULL,NULL,NULL,NULL,NULL,NULL,NULL,NULL,NULL,NULL
229,LIU,Sharks,LIU,AI,Brooklyn,NY,USA,"Bethpage Federal Credit Union Stadium",10000,6000,0,2027,24,NEC,0,,0,0,0,#69B3E7,#FFC72C,#ffffff,0,C,C,C,C+,1,1,254,,1,1,"2024-04-22 21:03:13.062","2026-04-20 18:01:05.989",NULL,0,"0000-00-00 00:00:00.000",NULL,NULL,NULL,NULL,NULL,NULL,NULL,NULL,NULL,NULL,NULL,NULL,NULL,NULL,NULL
230,Mercyhurst,Lakers,MRCY,AI,Erie,PA,USA,"Saxon Stadium",10000,2300,0,2027,24,NEC,0,,0,0,0,#07594D,#182752,#ffffff,0,C,C,C-,C,1,1,255,,0,1,"2024-04-22 21:03:14.064","2026-04-20 18:01:06.032",NULL,0,"0000-00-00 00:00:00.000",NULL,NULL,NULL,NULL,NULL,NULL,NULL,NULL,NULL,NULL,NULL,NULL,NULL,NULL,NULL
231,"Robert Morris",Colonials,RMU,AI,"Moon Township",PA,USA,"Joe Walton Stadium",10000,3000,0,2027,24,NEC,0,,0,0,0,#14234b,#a6192e,#ffffff,0,C,C,C,C,1,1,256,,0,1,"2024-04-22 21:03:14.946","2026-04-20 18:01:06.071",NULL,0,"0000-00-00 00:00:00.000",NULL,NULL,NULL,NULL,NULL,NULL,NULL,NULL,NULL,NULL,NULL,NULL,NULL,NULL,NULL
232,"Saint Francis","Red Flash",SFPA,AI,Loretto,PA,USA,"DeGol Field",10000,3450,0,2027,22,Independent,0,,0,0,0,#bd1f25,#8e908f,#ffffff,0,C-,D+,C,C-,1,1,257,,0,1,"2024-04-22 21:03:15.838","2026-04-20 18:01:06.109",NULL,0,"0000-00-00 00:00:00.000",NULL,NULL,NULL,NULL,NULL,NULL,NULL,NULL,NULL,NULL,NULL,NULL,NULL,NULL,NULL
233,Stonehill,Skyhawks,STO,AI,Easton,MA,USA,"W.B. Mason Stadium",10000,2400,0,2027,24,NEC,0,,0,0,0,#2F2975,#FFFFFF,#ffffff,0,C,C,D+,C,1,1,258,,0,1,"2024-04-22 21:03:16.707","2026-04-20 18:01:06.146",NULL,0,"0000-00-00 00:00:00.000",NULL,NULL,NULL,NULL,NULL,NULL,NULL,NULL,NULL,NULL,NULL,NULL,NULL,NULL,NULL
234,Wagner,Seahawks,WAG,AI,"Staten Island",NY,USA,"Wagner College Stadium",10000,3500,0,2027,24,NEC,0,,0,0,0,#00483a,#b9bbbd,#ffffff,0,D,D-,D+,C,1,1,259,,0,1,"2024-04-22 21:03:17.604","2026-04-20 18:01:06.184",NULL,0,"0000-00-00 00:00:00.000",NULL,NULL,NULL,NULL,NULL,NULL,NULL,NULL,NULL,NULL,NULL,NULL,NULL,NULL,NULL
235,Butler,Bulldogs,BUT,AI,Indianapolis,IN,USA,"Bud and Jackie Sellick Bowl",10000,7500,0,2027,25,Pioneer,0,,0,0,0,#13294b,#747678,#ffffff,0,C,C,C+,C,1,1,260,,0,1,"2024-04-22 21:03:18.478","2026-04-20 18:01:06.220",NULL,0,"0000-00-00 00:00:00.000",NULL,NULL,NULL,NULL,NULL,NULL,NULL,NULL,NULL,NULL,NULL,NULL,NULL,NULL,NULL
236,Davidson,Wildcats,DAV,AI,Davidson,NC,USA,"Richardson Stadium",10000,4741,0,2027,25,Pioneer,0,,0,0,0,#ac1a2f,#000000,#ffffff,0,C,C,C,C,1,1,261,,0,1,"2024-04-22 21:03:19.373","2026-04-20 18:01:06.257",NULL,0,"0000-00-00 00:00:00.000",NULL,NULL,NULL,NULL,NULL,NULL,NULL,NULL,NULL,NULL,NULL,NULL,NULL,NULL,NULL
237,Dayton,Flyers,DAY,AI,Dayton,OH,USA,"Welcome Stadium",10000,11000,0,2027,25,Pioneer,0,,0,0,0,#CE1141,#004B8D,#ffffff,0,C,C,C,C,1,1,262,,1,1,"2024-04-22 21:03:20.249","2026-04-20 18:01:06.294",NULL,0,"0000-00-00 00:00:00.000",NULL,NULL,NULL,NULL,NULL,NULL,NULL,NULL,NULL,NULL,NULL,NULL,NULL,NULL,NULL
238,Drake,Bulldogs,DRKE,AI,"Des Moines",IA,USA,"Drake Stadium",10000,14557,0,2027,25,Pioneer,0,,0,0,0,#004477,#999999,#ffffff,0,C,C,C-,C,1,1,263,,0,1,"2024-04-22 21:03:21.156","2026-04-20 18:01:06.330",NULL,0,"0000-00-00 00:00:00.000",NULL,NULL,NULL,NULL,NULL,NULL,NULL,NULL,NULL,NULL,NULL,NULL,NULL,NULL,NULL
239,Marist,"Red Foxes",MRST,AI,Poughkeepsie,NY,USA,"Leonidoff Field",10000,5000,0,2027,25,Pioneer,0,,0,0,0,#C8102E,#b2b2b2,#ffffff,0,C,C,C,C,1,1,264,,0,1,"2024-04-22 21:03:22.049","2026-04-20 18:01:06.367",NULL,0,"0000-00-00 00:00:00.000",NULL,NULL,NULL,NULL,NULL,NULL,NULL,NULL,NULL,NULL,NULL,NULL,NULL,NULL,NULL
240,"Morehead State",Eagles,MORE,AI,Morehead,KY,USA,"Jayne Stadium",10000,10000,0,2027,25,Pioneer,0,,0,0,0,#005EB8,#FFCF00,#ffffff,0,C,C,C,D,1,1,265,,0,1,"2024-04-22 21:03:22.933","2026-04-20 18:01:06.404",NULL,0,"0000-00-00 00:00:00.000",NULL,NULL,NULL,NULL,NULL,NULL,NULL,NULL,NULL,NULL,NULL,NULL,NULL,NULL,NULL
241,Presbyterian,"Blue Hose",PRE,AI,Clinton,SC,USA,"Bailey Memorial Stadium",10000,6500,0,2027,25,Pioneer,0,,0,0,0,#0060A9,#9D2235,#ffffff,0,C,C-,C,C,1,1,266,,0,1,"2024-04-22 21:03:23.821","2026-04-20 18:01:06.441",NULL,0,"0000-00-00 00:00:00.000",NULL,NULL,NULL,NULL,NULL,NULL,NULL,NULL,NULL,NULL,NULL,NULL,NULL,NULL,NULL
242,"San Diego",Torreros,USD,AI,"San Diego",CA,USA,"Torero Stadium",10000,6000,0,2027,25,Pioneer,0,,0,0,0,#002868,#84bce8,#FFFFFF,0,C,C-,C,C-,1,1,267,,0,1,"2024-04-22 21:03:24.693","2026-04-20 18:01:06.477",NULL,0,"0000-00-00 00:00:00.000",NULL,NULL,NULL,NULL,NULL,NULL,NULL,NULL,NULL,NULL,NULL,NULL,NULL,NULL,NULL
243,"St. Thomas",Tommies,STMN,AI,"Saint Paul",MN,USA,"O'Shaughnessy Stadium",10000,5025,0,2027,25,Pioneer,0,,0,0,0,#FFFFFF,#512773,#ffffff,0,C,C,C-,C,1,1,268,,0,1,"2024-04-22 21:03:25.601","2026-04-20 18:01:06.513",NULL,0,"0000-00-00 00:00:00.000",NULL,NULL,NULL,NULL,NULL,NULL,NULL,NULL,NULL,NULL,NULL,NULL,NULL,NULL,NULL
244,Stetson,Hatters,STET,AI,DeLand,FL,USA,"Spec Martin Memorial Stadium",10000,6000,0,2027,25,Pioneer,0,,0,0,0,#00523E,#FFFFFF,#3B8729,0,C,C,C,C-,1,1,269,,0,1,"2024-04-22 21:03:26.474","2026-04-20 18:01:06.602",NULL,0,"0000-00-00 00:00:00.000",NULL,NULL,NULL,NULL,NULL,NULL,NULL,NULL,NULL,NULL,NULL,NULL,NULL,NULL,NULL
245,Valparaiso,Beacons,VAL,AI,Valparaiso,IN,USA,"Brown Field",10000,5000,0,2027,25,Pioneer,0,,0,0,0,#381e0e,#ffcc00,#613318,0,C-,C,D,C,1,1,270,,0,1,"2024-04-22 21:03:27.372","2026-04-20 18:01:06.640",NULL,0,"0000-00-00 00:00:00.000",NULL,NULL,NULL,NULL,NULL,NULL,NULL,NULL,NULL,NULL,NULL,NULL,NULL,NULL,NULL
246,"Houston Christian",Huskies,HCU,AI,Houston,TX,USA,"Husky Stadium",10000,5000,0,2027,26,Southland,0,,0,0,0,#1c4e9d,#f3652c,#ffffff,0,C-,D+,C,C,1,1,271,,0,1,"2024-04-22 21:03:28.249","2026-04-20 18:01:06.676",NULL,0,"0000-00-00 00:00:00.000",NULL,NULL,NULL,NULL,NULL,NULL,NULL,NULL,NULL,NULL,NULL,NULL,NULL,NULL,NULL
247,"Incarnate Word",Cardinals,UIW,AI,"San Antonio",TX,USA,"Gayle and Tom Benson Stadium",10000,6000,0,2027,26,Southland,0,,0,0,0,#cb333b,#000000,#ffffff,0,C,C,C-,C,1,1,272,,0,1,"2024-04-22 21:03:29.134","2026-04-20 18:01:06.713",NULL,0,"0000-00-00 00:00:00.000",NULL,NULL,NULL,NULL,NULL,NULL,NULL,NULL,NULL,NULL,NULL,NULL,NULL,NULL,NULL
248,Lamar,Cardinals,LAM,AI,Beaumont,TX,USA,"Provost Umphrey Stadium",10000,16000,0,2027,26,Southland,0,,0,0,0,#dc0032,#ffffff,#ffffff,0,C,C,C,D,1,1,273,,0,1,"2024-04-22 21:03:30.007","2026-04-20 18:01:06.752",NULL,0,"0000-00-00 00:00:00.000",NULL,NULL,NULL,NULL,NULL,NULL,NULL,NULL,NULL,NULL,NULL,NULL,NULL,NULL,NULL
249,McNeese,Cowboys,MCN,AI,"Lake Charles",LA,USA,"Cowboy Stadium",10000,17610,0,2027,26,Southland,0,,0,0,0,#00529b,#ffd204,#ffffff,0,C,C,C,C+,1,1,274,,0,1,"2024-04-22 21:03:30.908","2026-04-20 18:01:06.789",NULL,0,"0000-00-00 00:00:00.000",NULL,NULL,NULL,NULL,NULL,NULL,NULL,NULL,NULL,NULL,NULL,NULL,NULL,NULL,NULL
250,Nicholls,Colonels,NICH,AI,Thibodaux,LA,USA,"Manning Field at John L. Guidry Stadium",10000,10500,0,2027,26,Southland,0,,0,0,0,#ae132a,#72808a,#ffffff,0,C-,D+,C,D,1,1,275,,1,1,"2024-04-22 21:03:31.813","2026-04-20 18:01:06.826",NULL,0,"0000-00-00 00:00:00.000",NULL,NULL,NULL,NULL,NULL,NULL,NULL,NULL,NULL,NULL,NULL,NULL,NULL,NULL,NULL
251,"Northwestern State",Demons,NWST,AI,Natchitotches,LA,USA,"Harry Turpin Stadium",10000,15971,0,2027,26,Southland,0,,0,0,0,#663399,#ffffff,#ffffff,0,C,C,C,C,1,1,276,,0,1,"2024-04-22 21:03:32.719","2026-04-20 18:01:06.864",NULL,0,"0000-00-00 00:00:00.000",NULL,NULL,NULL,NULL,NULL,NULL,NULL,NULL,NULL,NULL,NULL,NULL,NULL,NULL,NULL
252,"SE Louisiana",Lions,SELA,AI,Hammond,LA,USA,"Strawberry Stadium",10000,7408,0,2027,26,Southland,0,,0,0,0,#006341,#eaaa00,#ffffff,0,D+,C-,D,C-,1,1,277,,0,1,"2024-04-22 21:03:33.617","2026-04-20 18:01:06.900",NULL,0,"0000-00-00 00:00:00.000",NULL,NULL,NULL,NULL,NULL,NULL,NULL,NULL,NULL,NULL,NULL,NULL,NULL,NULL,NULL
253,"East Texas A&M",Lions,ETAM,AI,Commerce,TX,USA,"Ernest Hawkins Field at Memorial Stadium",10000,11582,0,2027,26,Southland,0,,0,0,0,#00386C,#F1B20F,#FFFFFF,0,C,C,C,C,1,1,278,,0,1,"2024-04-22 21:03:34.500","2026-04-20 18:01:06.937",NULL,0,"2025-07-25 18:35:07.235",NULL,NULL,NULL,NULL,NULL,NULL,NULL,NULL,NULL,NULL,NULL,NULL,NULL,NULL,NULL
254,"UT Rio Grande Valley",Vaqueros,RGV,AI,Edinburg,TX,USA,"Robert and Janet Vackar Stadium",10000,9735,0,2027,26,Southland,0,,0,0,0,#FFA300,#0C2340,#ffffff,0,C,C,D,D+,1,1,279,,0,1,"2024-04-22 21:03:35.408","2026-04-20 18:01:06.974",NULL,0,"0000-00-00 00:00:00.000",NULL,NULL,NULL,NULL,NULL,NULL,NULL,NULL,NULL,NULL,NULL,NULL,NULL,NULL,NULL
255,"Abilene Christian",Wildcats,ACU,AI,Abilene,TX,USA,"Anthony Field at Wildcat Stadium",10000,12000,0,2027,27,UAC,0,,0,0,0,#4f2170,#FFFFFF,,0,C,C,C,C,1,1,280,,0,1,"2024-04-22 21:03:36.299","2026-04-20 18:01:07.011",NULL,0,"0000-00-00 00:00:00.000",NULL,NULL,NULL,NULL,NULL,NULL,NULL,NULL,NULL,NULL,NULL,NULL,NULL,NULL,NULL
256,"Austin Peay",Governors,APSU,AI,Clarksville,TN,USA,"Fortera Stadium",10000,10100,0,2027,27,UAC,0,,0,0,0,#C41E3A,#ffffff,#000000,0,C,C,C,C,1,1,281,,0,1,"2024-04-22 21:03:37.199","2026-04-20 18:01:07.047",NULL,0,"0000-00-00 00:00:00.000",NULL,NULL,NULL,NULL,NULL,NULL,NULL,NULL,NULL,NULL,NULL,NULL,NULL,NULL,NULL
257,"Central Arkansas",Bears,CARK,AI,Conway,AR,USA,"Estes Stadium",10000,10000,0,2027,27,UAC,0,,0,0,0,#4f2d7f,#818a8f,#000000,0,C,C,C,C,1,1,282,,0,1,"2024-04-22 21:03:38.085","2026-04-20 18:01:07.085",NULL,0,"0000-00-00 00:00:00.000",NULL,NULL,NULL,NULL,NULL,NULL,NULL,NULL,NULL,NULL,NULL,NULL,NULL,NULL,NULL
258,"Eastern Kentucky",Colonels,EKU,AI,Richmond,KY,USA,"Roy Kidd Stadium",10000,20000,0,2027,27,UAC,0,,0,0,0,#8a0039,#ffffff,#000000,0,C,C,C,C,1,1,283,,0,1,"2024-04-22 21:03:38.958","2026-04-20 18:01:07.122",NULL,0,"0000-00-00 00:00:00.000",NULL,NULL,NULL,NULL,NULL,NULL,NULL,NULL,NULL,NULL,NULL,NULL,NULL,NULL,NULL
259,"North Alabama",Lions,UNA,AI,Florence,AL,USA,"Braly Municipal Stadium",10000,14215,0,2027,27,UAC,0,,0,0,0,#46166B,#DB9F11,#5F6062,0,C,C,C-,D+,1,1,284,,0,1,"2024-04-22 21:03:39.866","2026-04-20 18:01:07.158",NULL,0,"0000-00-00 00:00:00.000",NULL,NULL,NULL,NULL,NULL,NULL,NULL,NULL,NULL,NULL,NULL,NULL,NULL,NULL,NULL
260,"Southern Utah",Thunderbirds,SUU,AI,"Cedar City",UT,USA,"Eccles Coliseum",10000,8500,0,2027,16,"Big Sky",0,,0,0,0,#C41425,#000000,#ffffff,0,C,C,C,C-,1,1,285,,0,1,"2024-04-22 21:03:40.741","2026-04-20 18:01:07.413",NULL,0,"0000-00-00 00:00:00.000",NULL,NULL,NULL,NULL,NULL,NULL,NULL,NULL,NULL,NULL,NULL,NULL,NULL,NULL,NULL
261,"Stephen F. Austin",Lumberjacks,SFA,AI,Nacogdoches,TX,USA,"Homer Bryce Stadium",10000,14575,0,2027,26,Southland,0,,0,0,0,#613393,#ffffff,#ffffff,0,C,C,C,C,1,1,286,,0,1,"2024-04-22 21:03:41.628","2026-04-20 18:01:07.449",NULL,0,"0000-00-00 00:00:00.000",NULL,NULL,NULL,NULL,NULL,NULL,NULL,NULL,NULL,NULL,NULL,NULL,NULL,NULL,NULL
262,"Tarleton State",Texans,TAR,AI,Stephenville,TX,USA,"Memorial Stadium",10000,24000,0,2027,27,UAC,0,,0,0,0,#ffffff,#4f2d7f,#ffffff,0,C,C-,C,C,1,1,287,,0,1,"2024-04-22 21:03:42.523","2026-04-20 18:01:07.486",NULL,0,"2025-10-14 14:34:45.406",NULL,NULL,NULL,NULL,NULL,NULL,NULL,NULL,NULL,NULL,NULL,NULL,NULL,NULL,NULL
263,"Utah Tech",Trailblazers,UTU,AI,"St. George",UT,USA,"Greater Zion STadium",10000,10000,0,2027,16,"Big Sky",0,,0,0,0,#BA1C21,#0C233F,#ffffff,0,C,C,C,C,1,1,288,,0,1,"2024-04-22 21:03:43.419","2026-04-20 18:01:07.530",NULL,0,"0000-00-00 00:00:00.000",NULL,NULL,NULL,NULL,NULL,NULL,NULL,NULL,NULL,NULL,NULL,NULL,NULL,NULL,NULL
264,"West Georgia",Wolves,UWG,AI,Carrollton,GA,USA,"University Stadium",10000,10000,0,2027,27,UAC,0,,0,0,0,#0656A5,#DA2128,#FFFFFF,0,C,C,C+,C,1,1,289,,0,1,"2024-04-22 21:03:44.345","2026-04-20 18:01:07.566",NULL,0,"2025-09-03 21:54:32.865",NULL,NULL,NULL,NULL,NULL,NULL,NULL,NULL,NULL,NULL,NULL,NULL,NULL,NULL,NULL
265,"Chicago State",Cougars,CHST,,Chicago,IL,USA,"SeatGeek Stadium",20000,20000,0,2027,24,NEC,0,,0,0,0,#006666,#000000,#ffffff,0,F,F,F,F,1,1,290,,0,1,"2025-09-22 16:52:47.224","2026-04-20 18:01:07.603",NULL,0,"0000-00-00 00:00:00.000",NULL,NULL,NULL,NULL,NULL,NULL,NULL,NULL,NULL,NULL,NULL,NULL,NULL,NULL,NULL
266,"New Haven",Chargers,NHU,,"New Haven",CT,USA,"Ralph F. DellaCamera Stadium",5000,5000,0,2027,24,NEC,0,,0,0,0,#004B8D,#FFC423,#ffffff,0,,,,,1,1,291,,0,1,"2025-09-22 16:52:48.121","2026-04-20 18:01:07.640",NULL,0,"0000-00-00 00:00:00.000",NULL,NULL,NULL,NULL,NULL,NULL,NULL,NULL,NULL,NULL,NULL,NULL,NULL,NULL,NULL
267,Guam,Tritons,UOG,AI,Mangilao,GM,USA,"National Football Stadium",1000,0,0,2027,22,Independent,0,,0,0,0,#046A38,#FFFFFF,#FFFFFF,0,,,,,0,0,292,,0,1,"2026-05-05 18:38:07.382","2026-05-05 18:38:07.382",NULL,0,"0000-00-00 00:00:00.000",NULL,NULL,NULL,NULL,NULL,NULL,NULL,NULL,NULL,NULL,NULL,NULL,NULL,NULL,NULL
268,"American Samoa",Kingfishers,SAMO,AI,"Pago Pago",AS,USA,"Veterans Memorial Stadium",1000,0,0,2027,22,Independent,0,,0,0,0,#fde5c3,#bc3714,#FFFFFF,0,,,,,0,0,293,,0,1,"2026-05-05 18:38:07.931","2026-05-05 18:38:07.931",NULL,0,"0000-00-00 00:00:00.000",NULL,NULL,NULL,NULL,NULL,NULL,NULL,NULL,NULL,NULL,NULL,NULL,NULL,NULL,NULL
269,"West Florida",Argonauts,UWF,AI,Pensacola,FL,USA,"Darrell Gooden Stadium",7500,0,0,2027,27,UAC,0,,0,0,0,#007DC3,#00B085,#ffffff,0,,,,,0,0,294,,0,1,"2026-05-05 18:38:08.483","2026-05-05 18:38:08.483",NULL,0,"0000-00-00 00:00:00.000",NULL,NULL,NULL,NULL,NULL,NULL,NULL,NULL,NULL,NULL,NULL,NULL,NULL,NULL,NULL
270,Marquette,"Golden Eagles",MARQ,AI,Milwaukee,WI,USA,"Marquette Stadium",24000,0,0,2027,22,Independent,0,,0,0,0,#003366,#ffcc00,#ffffff,0,,,,,0,0,295,,0,1,"2026-05-05 18:38:09.033","2026-05-05 18:38:09.033",NULL,0,"0000-00-00 00:00:00.000",NULL,NULL,NULL,NULL,NULL,NULL,NULL,NULL,NULL,NULL,NULL,NULL,NULL,NULL,NULL
